station,sequence,origin,turbidity_ntu,ph,temperature_c,forecast_h6_ntu,alum_percent,chlorine_percent,global_round,algorithm
austin,1,PUBLISHED_FIELD,0.55,9.29,27.11,0.5459897084751988,19.04171074423942,11.848571428571429,1,RG_AdaFedResidual
tongji,1,PUBLISHED_FIELD,31.94,7.890000000000001,9.47,26.77792067947544,21.94745054728805,10.147210884353743,1,RG_AdaFedResidual
virtual,1,DISCLOSED_DIGITAL_TWIN,0.29,9.42,27.04,0.2743131877191643,20.287873770163504,12.59992380952381,1,RG_AdaFedResidual
austin,2,PUBLISHED_FIELD,0.58,9.29,27.05,0.5527672096813228,19.0827804751683,11.82842857142857,1,RG_AdaFedResidual
tongji,2,PUBLISHED_FIELD,33.480000000000004,7.9,9.57,28.769217823782235,22.36029277626541,10.210068027210886,1,RG_AdaFedResidual
virtual,2,DISCLOSED_DIGITAL_TWIN,0.32,9.39,26.83,0.289807757060679,20.16704508493041,12.52129523809524,1,RG_AdaFedResidual
austin,3,PUBLISHED_FIELD,0.55,9.25,26.95,0.5490408655472017,18.814438016966687,11.791428571428572,1,RG_AdaFedResidual
tongji,3,PUBLISHED_FIELD,34.18,7.81,11.36,29.47160271772176,22.03220445881501,10.238639455782314,1,RG_AdaFedResidual
virtual,3,DISCLOSED_DIGITAL_TWIN,0.27,9.43,27.02,0.2903149485978056,20.34801830142717,12.592319159554949,1,RG_AdaFedResidual
austin,4,PUBLISHED_FIELD,0.53,9.27,27.23,0.5477099504044229,18.92489625368545,11.891330426445904,1,RG_AdaFedResidual
tongji,4,PUBLISHED_FIELD,36.6,7.83,9.78,29.98528544957129,22.689055996711183,10.337414965986396,1,RG_AdaFedResidual
virtual,4,DISCLOSED_DIGITAL_TWIN,0.27,9.37,26.8,0.2780737691207091,19.96650633397929,12.507950038969328,1,RG_AdaFedResidual
austin,5,PUBLISHED_FIELD,0.5,9.26,26.92,0.5458705111480536,18.86552073989812,11.780537307620632,1,RG_AdaFedResidual
tongji,5,PUBLISHED_FIELD,13.85,7.82,9.5,30.101546668508924,21.130985672304803,10.072171972864307,1,RG_AdaFedResidual
virtual,5,DISCLOSED_DIGITAL_TWIN,0.27,9.4,26.8,0.2802832620328559,20.14951389321471,12.508051044359595,1,RG_AdaFedResidual
austin,6,PUBLISHED_FIELD,0.55,9.29,27.08,0.5432509158241149,19.04171074423942,11.837857142857144,1,RG_AdaFedResidual
tongji,6,PUBLISHED_FIELD,30.91,7.86,9.58,30.18558631640395,21.541244564410665,10.105170068027212,1,RG_AdaFedResidual
virtual,6,DISCLOSED_DIGITAL_TWIN,0.3,9.38,27.04,0.2791041914720934,20.069331750010548,12.600380952380954,1,RG_AdaFedResidual
austin,7,PUBLISHED_FIELD,0.5700000000000001,9.29,27.07,0.54732634272809,19.06920476011768,11.835142857142856,1,RG_AdaFedResidual
tongji,7,PUBLISHED_FIELD,35.29,7.9,10.43,29.73350030190493,22.77437334679191,10.283945578231291,1,RG_AdaFedResidual
virtual,7,DISCLOSED_DIGITAL_TWIN,0.31,9.4,26.98,0.30301879333174,20.20762197880885,12.577980952380956,1,RG_AdaFedResidual
austin,8,PUBLISHED_FIELD,0.54,9.29,26.78,0.5489631164977604,19.040272537159257,11.730669847849905,1,RG_AdaFedResidual
tongji,8,PUBLISHED_FIELD,30.83,7.86,10.12,29.803804792176425,21.52223961135533,10.101904761904764,1,RG_AdaFedResidual
virtual,8,DISCLOSED_DIGITAL_TWIN,0.27,9.4,27.01,0.305699622208583,20.19938401100564,12.589212935110488,1,RG_AdaFedResidual
austin,9,PUBLISHED_FIELD,0.51,9.29,26.98,0.5472285984148599,19.037863797777003,11.80202408278921,1,RG_AdaFedResidual
tongji,9,PUBLISHED_FIELD,32.160000000000004,7.87,9.93,30.241864140481663,21.890333077335026,10.156190476190478,1,RG_AdaFedResidual
virtual,9,DISCLOSED_DIGITAL_TWIN,0.26,9.38,27.08,0.2732770938997089,20.016340831706938,12.614397429054463,1,RG_AdaFedResidual
austin,10,PUBLISHED_FIELD,0.58,9.27,26.95,0.5478401272153182,18.969144111531925,11.792714285714286,1,RG_AdaFedResidual
tongji,10,PUBLISHED_FIELD,32.62,7.85,10.0,30.53898978368912,21.88908470406979,10.17496598639456,1,RG_AdaFedResidual
virtual,10,DISCLOSED_DIGITAL_TWIN,0.32,9.41,27.07,0.2763741219036558,20.28609270397804,12.61272380952381,1,RG_AdaFedResidual
austin,11,PUBLISHED_FIELD,0.55,9.28,27.03,0.5503359079481073,18.985358207367646,11.82001439605492,1,RG_AdaFedResidual
tongji,11,PUBLISHED_FIELD,31.69,7.69,10.29,29.453934379313434,20.80173076648763,10.13700680272109,1,RG_AdaFedResidual
virtual,11,DISCLOSED_DIGITAL_TWIN,0.32,9.41,27.03,0.3257852938930311,20.296924477194136,12.59775018486368,1,RG_AdaFedResidual
austin,12,PUBLISHED_FIELD,0.54,9.28,27.04,0.5502497283956108,18.98523875571474,11.823582131216952,1,RG_AdaFedResidual
tongji,12,PUBLISHED_FIELD,37.63,7.81,9.3,30.19166499515009,22.809853346383854,10.379455782312926,1,RG_AdaFedResidual
virtual,12,DISCLOSED_DIGITAL_TWIN,0.37,9.42,26.94,0.3185340319403758,20.436363101421406,12.565485714285716,1,RG_AdaFedResidual
austin,13,PUBLISHED_FIELD,0.5700000000000001,9.3,27.24,0.5505666438205483,19.126022941935865,11.895857142857144,1,RG_AdaFedResidual
tongji,13,PUBLISHED_FIELD,35.300000000000004,7.84,9.71,31.02936696626048,22.45055337454381,10.2843537414966,1,RG_AdaFedResidual
virtual,13,DISCLOSED_DIGITAL_TWIN,0.31,9.42,27.05,0.3196541563003987,20.34496602919937,12.605088951907067,1,RG_AdaFedResidual
austin,14,PUBLISHED_FIELD,0.54,9.3,26.91,0.5495332905927937,19.09788173683593,11.77712285531112,1,RG_AdaFedResidual
tongji,14,PUBLISHED_FIELD,37.09,7.7,12.03,30.34531248965024,22.09198321385226,10.357414965986395,1,RG_AdaFedResidual
virtual,14,DISCLOSED_DIGITAL_TWIN,0.32,9.41,27.01,0.3163806280259202,20.28609270397804,12.589866666666666,1,RG_AdaFedResidual
austin,15,PUBLISHED_FIELD,0.54,9.28,27.1,0.5491577698662782,18.983724446925947,11.84496390442284,1,RG_AdaFedResidual
tongji,15,PUBLISHED_FIELD,36.32,7.87,8.75,31.064457442731914,22.84367888694611,10.325986394557823,1,RG_AdaFedResidual
virtual,15,DISCLOSED_DIGITAL_TWIN,0.33,9.41,27.03,0.3156553216096744,20.304757682966944,12.597942857142858,1,RG_AdaFedResidual
austin,16,PUBLISHED_FIELD,0.54,9.31,27.11,0.5487690385055914,19.153639562408063,11.84851867307881,1,RG_AdaFedResidual
tongji,16,PUBLISHED_FIELD,31.82,8.13,12.1,31.20046265254557,23.22361225553077,10.142312925170067,1,RG_AdaFedResidual
virtual,16,DISCLOSED_DIGITAL_TWIN,0.34,9.42,26.95,0.3219917329240206,20.382677257451423,12.567923809523812,1,RG_AdaFedResidual
austin,17,PUBLISHED_FIELD,0.56,9.31,26.95,0.5495069790086383,19.169152228613225,11.791857142857143,1,RG_AdaFedResidual
tongji,17,PUBLISHED_FIELD,31.31,7.9,12.02,30.307889744901395,21.85340173928282,10.121496598639457,1,RG_AdaFedResidual
virtual,17,DISCLOSED_DIGITAL_TWIN,0.35,9.4,26.96,0.3310083228444065,20.2817679829455,12.572190476190476,1,RG_AdaFedResidual
austin,18,PUBLISHED_FIELD,0.55,9.35,26.85,0.551484254293725,19.384676333908743,11.755777896612589,1,RG_AdaFedResidual
tongji,18,PUBLISHED_FIELD,33.08,7.87,12.15,29.587684175401325,22.10469851767583,10.19374149659864,1,RG_AdaFedResidual
virtual,18,DISCLOSED_DIGITAL_TWIN,0.35,9.42,26.97,0.3405565095422531,20.40081560199312,12.576,1,RG_AdaFedResidual
austin,19,PUBLISHED_FIELD,0.55,9.27,27.07,0.5532573092874133,18.932584090985635,11.834425313255174,1,RG_AdaFedResidual
tongji,19,PUBLISHED_FIELD,33.62,7.8,9.77,30.55738430919611,21.84911603552116,10.215782312925173,1,RG_AdaFedResidual
virtual,19,DISCLOSED_DIGITAL_TWIN,0.35,9.44,27.01,0.3399037465764217,20.519863221040737,12.591238095238095,1,RG_AdaFedResidual
austin,20,PUBLISHED_FIELD,0.55,9.29,27.13,0.5527284528370655,19.04548911520747,11.8558312194073,1,RG_AdaFedResidual
tongji,20,PUBLISHED_FIELD,30.7,7.83,9.02,31.0741194068108,21.41713537754297,10.111868819325611,1,RG_AdaFedResidual
virtual,20,DISCLOSED_DIGITAL_TWIN,0.36,9.41,27.14,0.337778976114204,20.359183673469385,12.641219047619048,1,RG_AdaFedResidual
austin,21,PUBLISHED_FIELD,0.55,9.28,27.07,0.553306336568938,18.98947005436029,11.834427414424384,2,RG_AdaFedResidual
tongji,21,PUBLISHED_FIELD,26.41,7.91,9.7,30.88118925076296,21.806141360556804,10.10399411907876,2,RG_AdaFedResidual
virtual,21,DISCLOSED_DIGITAL_TWIN,0.35,9.4,27.2,0.3350977248343992,20.2817679829455,12.663619047619049,2,RG_AdaFedResidual
austin,22,PUBLISHED_FIELD,0.55,9.3,27.24,0.5523473882813591,19.101780129062245,11.895100602354916,2,RG_AdaFedResidual
tongji,22,PUBLISHED_FIELD,23.74,7.83,9.02,30.021156461540347,21.1660557400972,10.068890739926816,2,RG_AdaFedResidual
virtual,22,DISCLOSED_DIGITAL_TWIN,0.35,9.4,27.24,0.3346419969845118,20.2817679829455,12.678857142857142,2,RG_AdaFedResidual
austin,23,PUBLISHED_FIELD,0.55,9.31,26.77,0.5531893503967974,19.15976285853055,11.727279543588432,2,RG_AdaFedResidual
tongji,23,PUBLISHED_FIELD,24.49,7.82,7.390000000000001,29.00489978701481,20.86640396969505,10.02741087566047,2,RG_AdaFedResidual
virtual,23,DISCLOSED_DIGITAL_TWIN,0.31,9.42,27.1,0.3337273860128751,20.37116912585012,12.624779918598684,2,RG_AdaFedResidual
austin,24,PUBLISHED_FIELD,0.5700000000000001,9.27,27.02,0.553765639803599,18.955568396481308,11.817285714285717,2,RG_AdaFedResidual
tongji,24,PUBLISHED_FIELD,20.44,7.84,8.89,28.04116879176944,20.73963063626801,9.988074916670865,2,RG_AdaFedResidual
virtual,24,DISCLOSED_DIGITAL_TWIN,0.33,9.44,27.17,0.3160593423890125,20.483329111538367,12.651276190476194,2,RG_AdaFedResidual
austin,25,PUBLISHED_FIELD,0.55,9.28,26.89,0.5528781072351087,18.988877919487926,11.770123347452934,2,RG_AdaFedResidual
tongji,25,PUBLISHED_FIELD,18.52,7.930000000000001,13.14,25.981394133744544,20.71552238223824,9.90400248164944,2,RG_AdaFedResidual
virtual,25,DISCLOSED_DIGITAL_TWIN,0.33,9.36,27.26,0.316230430098926,20.00713863534789,12.685561904761904,2,RG_AdaFedResidual
austin,26,PUBLISHED_FIELD,0.53,9.32,27.12,0.5527657639132397,19.215995267870703,11.852261389882,2,RG_AdaFedResidual
tongji,26,PUBLISHED_FIELD,21.19,7.86,8.98,25.437996777396165,20.19726902742709,9.881822997716853,2,RG_AdaFedResidual
virtual,26,DISCLOSED_DIGITAL_TWIN,0.29,9.37,26.88,0.3165683337914886,20.041527963031616,12.540185980973323,2,RG_AdaFedResidual
austin,27,PUBLISHED_FIELD,0.52,9.26,27.0,0.5487667382562396,18.86954546079672,11.80923286021098,2,RG_AdaFedResidual
tongji,27,PUBLISHED_FIELD,19.5,7.91,12.23,23.76204296914852,20.037035794507304,9.813416719829192,2,RG_AdaFedResidual
virtual,27,DISCLOSED_DIGITAL_TWIN,0.26,9.38,27.09,0.2811787266337396,20.0322593606261,12.618568170360405,2,RG_AdaFedResidual
austin,28,PUBLISHED_FIELD,0.56,9.28,26.87,0.5460927460994985,18.99869768315867,11.763285714285711,2,RG_AdaFedResidual
tongji,28,PUBLISHED_FIELD,16.53,7.84,9.42,23.466905915387727,19.57939297974151,9.80137030947161,2,RG_AdaFedResidual
virtual,28,DISCLOSED_DIGITAL_TWIN,0.27,9.39,27.15,0.2671284935835795,20.069197773341493,12.640914285714286,2,RG_AdaFedResidual
austin,29,PUBLISHED_FIELD,0.54,9.28,27.03,0.5483592937294263,18.982616231362947,11.819929684016977,2,RG_AdaFedResidual
tongji,29,PUBLISHED_FIELD,23.99,7.85,9.18,22.63183046548885,19.77034240714916,9.822721088435374,2,RG_AdaFedResidual
virtual,29,DISCLOSED_DIGITAL_TWIN,0.32,9.42,27.09,0.2768841951245748,20.34561651350185,12.620342857142855,2,RG_AdaFedResidual
austin,30,PUBLISHED_FIELD,0.54,9.32,27.0,0.5466390025435659,19.20749874323604,11.80914167153758,2,RG_AdaFedResidual
tongji,30,PUBLISHED_FIELD,18.98,7.86,9.14,21.99063217153225,19.296395800108453,9.741114238293836,2,RG_AdaFedResidual
virtual,30,DISCLOSED_DIGITAL_TWIN,0.34,9.42,27.18,0.3210268396648633,20.382677257451423,12.65554285714286,2,RG_AdaFedResidual
austin,31,PUBLISHED_FIELD,0.54,9.28,26.87,0.5475272543683793,18.98146061938798,11.76275116804436,2,RG_AdaFedResidual
tongji,31,PUBLISHED_FIELD,18.35,7.83,9.99,20.86534785644659,18.82821899289004,9.69518426624952,2,RG_AdaFedResidual
virtual,31,DISCLOSED_DIGITAL_TWIN,0.35,9.39,27.12,0.3334419490376535,20.222244173421693,12.63314285714286,2,RG_AdaFedResidual
austin,32,PUBLISHED_FIELD,0.53,9.3,26.86,0.5464562904766187,19.093608305707864,11.759133841020429,2,RG_AdaFedResidual
tongji,32,PUBLISHED_FIELD,18.97,7.78,10.7,19.42774273072264,18.15757453603836,9.63650650601589,2,RG_AdaFedResidual
virtual,32,DISCLOSED_DIGITAL_TWIN,0.35,9.41,27.08,0.3466196410286106,20.34129179246931,12.61790476190476,2,RG_AdaFedResidual
austin,33,PUBLISHED_FIELD,0.55,9.28,26.81,0.5473965136539302,18.984892562421223,11.741428571428573,2,RG_AdaFedResidual
tongji,33,PUBLISHED_FIELD,19.92,7.88,9.52,19.03414874966625,18.8388497904676,9.656598639455783,2,RG_AdaFedResidual
virtual,33,DISCLOSED_DIGITAL_TWIN,0.31,9.42,27.01,0.3432334600203943,20.388569834720464,12.590928767696171,2,RG_AdaFedResidual
austin,34,PUBLISHED_FIELD,0.54,9.3,26.81,0.5470599591322322,19.094447596066853,11.741302569677096,2,RG_AdaFedResidual
tongji,34,PUBLISHED_FIELD,19.49,7.84,9.44,18.710183281283687,18.501160889929483,9.63904761904762,2,RG_AdaFedResidual
virtual,34,DISCLOSED_DIGITAL_TWIN,0.31,9.42,27.1,0.3051165089654117,20.326669597856466,12.62369523809524,2,RG_AdaFedResidual
austin,35,PUBLISHED_FIELD,0.55,9.32,26.9,0.549348768726623,19.21216528969396,11.773571428571428,2,RG_AdaFedResidual
tongji,35,PUBLISHED_FIELD,19.11,7.81,10.45,18.22959593799994,18.230975650084865,9.623537414965988,2,RG_AdaFedResidual
virtual,35,DISCLOSED_DIGITAL_TWIN,0.28,9.38,27.09,0.3048414210595834,20.07868574460361,12.619649893534154,2,RG_AdaFedResidual
austin,36,PUBLISHED_FIELD,0.5,9.31,26.76,0.5478211442914702,19.152323440870404,11.72347804904106,2,RG_AdaFedResidual
tongji,36,PUBLISHED_FIELD,19.22,7.82,11.26,18.06174682334983,18.316419956565085,9.628027210884351,2,RG_AdaFedResidual
virtual,36,DISCLOSED_DIGITAL_TWIN,0.3,9.4,26.89,0.2957463840020891,20.18837936905816,12.5432380952381,2,RG_AdaFedResidual
austin,37,PUBLISHED_FIELD,0.52,9.29,26.6,0.5434912427826538,19.03266137744434,11.666149624690684,2,RG_AdaFedResidual
tongji,37,PUBLISHED_FIELD,18.32,7.76,11.11,18.41359650249676,17.760776170013447,9.595112782414834,2,RG_AdaFedResidual
virtual,37,DISCLOSED_DIGITAL_TWIN,0.24,9.36,26.89,0.2804841776281922,19.91182120976867,12.54234594335824,2,RG_AdaFedResidual
austin,38,PUBLISHED_FIELD,0.55,9.36,26.64,0.5406183366566809,19.439438016966683,11.680714285714286,2,RG_AdaFedResidual
tongji,38,PUBLISHED_FIELD,17.43,7.72,15.7,17.420837132143866,17.258167979558294,9.554965986394558,2,RG_AdaFedResidual
virtual,38,DISCLOSED_DIGITAL_TWIN,0.28,9.4,27.01,0.2831263709290981,20.155197503722025,12.588181015052,2,RG_AdaFedResidual
austin,39,PUBLISHED_FIELD,0.54,9.27,26.6,0.5463220485779581,18.922967061868874,11.666270944939054,2,RG_AdaFedResidual
tongji,39,PUBLISHED_FIELD,17.43,7.72,15.7,17.200222069909305,17.258167979558294,9.554965986394558,2,RG_AdaFedResidual
virtual,39,DISCLOSED_DIGITAL_TWIN,0.25,9.37,27.01,0.2602204730029179,19.930019792213592,12.587133888289658,2,RG_AdaFedResidual
austin,40,PUBLISHED_FIELD,0.55,9.31,26.56,0.5460677613800822,19.15534710787578,11.652142857142858,2,RG_AdaFedResidual
tongji,40,PUBLISHED_FIELD,15.91,7.82,9.47,17.49961549431749,17.822030601681284,9.55780743514221,2,RG_AdaFedResidual
virtual,40,DISCLOSED_DIGITAL_TWIN,0.23,9.33,26.86,0.2621576798385612,19.695940691232,12.530079589173573,2,RG_AdaFedResidual
austin,41,PUBLISHED_FIELD,0.54,9.25,26.59,0.5457701918515465,18.808562969061693,11.662675865365063,3,RG_AdaFedResidual
tongji,41,PUBLISHED_FIELD,16.92,7.94,9.18,17.711542140942434,18.53607043569437,9.566457502351392,3,RG_AdaFedResidual
virtual,41,DISCLOSED_DIGITAL_TWIN,0.26,9.36,27.04,0.2618556151782679,19.87388683456439,12.598637209074818,3,RG_AdaFedResidual
austin,42,PUBLISHED_FIELD,0.52,9.31,26.65,0.5437492465059179,19.14665742730115,11.684017824850256,3,RG_AdaFedResidual
tongji,42,PUBLISHED_FIELD,19.19,7.86,10.74,17.980549732432276,18.52533706104702,9.626802721088437,3,RG_AdaFedResidual
virtual,42,DISCLOSED_DIGITAL_TWIN,0.22,9.37,26.98,0.2502720236647101,19.90916425291598,12.575250530605627,3,RG_AdaFedResidual
austin,43,PUBLISHED_FIELD,0.55,9.29,26.65,0.5467173675214662,19.04171074423942,11.684285714285714,3,RG_AdaFedResidual
tongji,43,PUBLISHED_FIELD,16.2,8.02,15.07,17.792440826623782,18.994394800967257,9.56975948952206,3,RG_AdaFedResidual
virtual,43,DISCLOSED_DIGITAL_TWIN,0.24,9.4,26.87,0.2626330663247521,20.1135907236768,12.533910844936752,3,RG_AdaFedResidual
austin,44,PUBLISHED_FIELD,0.53,9.31,26.57,0.5435434050347604,19.14637046765296,11.655437574501487,3,RG_AdaFedResidual
tongji,44,PUBLISHED_FIELD,20.08,8.0,11.12,19.393068438328093,19.53553658474835,9.66312925170068,3,RG_AdaFedResidual
virtual,44,DISCLOSED_DIGITAL_TWIN,0.17,9.39,27.12,0.2433303844997083,20.013422149698616,12.628266531862849,3,RG_AdaFedResidual
austin,45,PUBLISHED_FIELD,0.55,9.32,26.62,0.5484927311217459,19.21216528969396,11.67357142857143,3,RG_AdaFedResidual
tongji,45,PUBLISHED_FIELD,15.73,7.91,10.6,19.38914834082584,18.85323750638255,9.634931224795617,3,RG_AdaFedResidual
virtual,45,DISCLOSED_DIGITAL_TWIN,0.18,9.38,27.15,0.2039770043903945,19.86589239184684,12.637896091629278,3,RG_AdaFedResidual
austin,46,PUBLISHED_FIELD,0.51,9.32,26.64,0.544549376980753,19.20459056710812,11.68048068758489,3,RG_AdaFedResidual
tongji,46,PUBLISHED_FIELD,17.09,7.96,11.6,19.51988678689211,19.16172797963968,9.640267487900358,3,RG_AdaFedResidual
virtual,46,DISCLOSED_DIGITAL_TWIN,0.19,9.38,26.95,0.2074806545473304,19.874042793091487,12.56186578230312,3,RG_AdaFedResidual
austin,47,PUBLISHED_FIELD,0.54,9.29,26.57,0.5460989084349971,19.036293042824976,11.655547096075788,3,RG_AdaFedResidual
tongji,47,PUBLISHED_FIELD,16.61,7.97,11.51,19.58838009942029,19.23529276285852,9.643063133309672,3,RG_AdaFedResidual
virtual,47,DISCLOSED_DIGITAL_TWIN,0.25,9.35,26.94,0.2154360747625689,19.78954081632653,12.560000000000002,3,RG_AdaFedResidual
austin,48,PUBLISHED_FIELD,0.51,9.32,26.51,0.5396093280770733,19.197694297340824,11.63384039977473,3,RG_AdaFedResidual
tongji,48,PUBLISHED_FIELD,17.71,8.02,11.44,19.80407716442663,19.56738527880216,9.651867095146669,3,RG_AdaFedResidual
virtual,48,DISCLOSED_DIGITAL_TWIN,0.24,9.4,26.88,0.2604057086179251,20.10897586473916,12.537618546679678,3,RG_AdaFedResidual
austin,49,PUBLISHED_FIELD,0.5700000000000001,9.31,26.5,0.5447065564642921,19.182841123754045,11.631571428571428,3,RG_AdaFedResidual
tongji,49,PUBLISHED_FIELD,15.39,7.9,9.66,19.95234742479729,18.95655544026537,9.657918942508733,3,RG_AdaFedResidual
virtual,49,DISCLOSED_DIGITAL_TWIN,0.26,9.37,26.96,0.2681792330845266,19.94642918227812,12.568450098274338,3,RG_AdaFedResidual
austin,50,PUBLISHED_FIELD,0.51,9.33,26.47,0.5367401142917757,19.250493340594783,11.619431719183932,3,RG_AdaFedResidual
tongji,50,PUBLISHED_FIELD,15.58,7.92,9.46,20.32198374240308,19.16782389188654,9.673006139145704,3,RG_AdaFedResidual
virtual,50,DISCLOSED_DIGITAL_TWIN,0.27,9.39,27.08,0.2708793050699787,20.070990422071603,12.61428781585082,3,RG_AdaFedResidual
austin,51,PUBLISHED_FIELD,0.54,9.31,26.6,0.542603395503185,19.14505936343096,11.666111574092994,3,RG_AdaFedResidual
tongji,51,PUBLISHED_FIELD,18.23,7.9,10.12,19.9785070461968,18.963837896907688,9.65898668215769,3,RG_AdaFedResidual
virtual,51,DISCLOSED_DIGITAL_TWIN,0.24,9.44,27.09,0.2712882017375292,20.36944213778693,12.618116032079431,3,RG_AdaFedResidual
austin,52,PUBLISHED_FIELD,0.54,9.31,26.45,0.5427620038143691,19.14528066217837,11.612546943020616,3,RG_AdaFedResidual
tongji,52,PUBLISHED_FIELD,18.01,7.930000000000001,8.63,19.97271022734944,19.12526793357168,9.65875007730678,3,RG_AdaFedResidual
virtual,52,DISCLOSED_DIGITAL_TWIN,0.23,9.37,26.8,0.2527360242787562,19.91436635383357,12.506791742062267,3,RG_AdaFedResidual
austin,53,PUBLISHED_FIELD,0.54,9.3,26.58,0.5424847374237178,19.08807560350929,11.658963631603871,3,RG_AdaFedResidual
tongji,53,PUBLISHED_FIELD,19.99,7.96,8.53,20.050990075167405,19.31008444266241,9.661945173136084,3,RG_AdaFedResidual
virtual,53,DISCLOSED_DIGITAL_TWIN,0.19,9.37,26.9,0.2421892739301468,19.891923929679564,12.544404842998713,3,RG_AdaFedResidual
austin,54,PUBLISHED_FIELD,0.51,9.3,26.61,0.5425740636526492,19.08820025289751,11.669681745585113,3,RG_AdaFedResidual
tongji,54,PUBLISHED_FIELD,17.41,7.91,8.69,20.248820148859625,19.09322917844999,9.670019870021482,3,RG_AdaFedResidual
virtual,54,DISCLOSED_DIGITAL_TWIN,0.19,9.39,26.72,0.2070330433044813,19.93252907040993,12.474226272455825,3,RG_AdaFedResidual
austin,55,PUBLISHED_FIELD,0.5700000000000001,9.32,26.36,0.5432223019194542,19.239659305572225,11.58157142857143,3,RG_AdaFedResidual
tongji,55,PUBLISHED_FIELD,16.44,7.9,8.92,20.364815675902847,19.070968670319168,9.674754381329368,3,RG_AdaFedResidual
virtual,55,DISCLOSED_DIGITAL_TWIN,0.23,9.37,26.89,0.2087022947275076,19.865390787070627,12.540038095238096,3,RG_AdaFedResidual
austin,56,PUBLISHED_FIELD,0.54,9.3,26.63,0.5431872750968871,19.089055690286376,11.67685088321844,3,RG_AdaFedResidual
tongji,56,PUBLISHED_FIELD,12.2,7.890000000000001,10.05,19.400065614815954,18.747614319621057,9.635376827815618,3,RG_AdaFedResidual
virtual,56,DISCLOSED_DIGITAL_TWIN,0.28,9.37,26.64,0.2470292268508715,19.970374684788275,12.447085714285716,3,RG_AdaFedResidual
austin,57,PUBLISHED_FIELD,0.54,9.35,26.56,0.5428624164201304,19.37269347461706,11.65183696070372,3,RG_AdaFedResidual
tongji,57,PUBLISHED_FIELD,16.2,7.87,9.8,18.950749461021186,18.51192352476213,9.617037392966852,3,RG_AdaFedResidual
virtual,57,DISCLOSED_DIGITAL_TWIN,0.32,9.43,26.8,0.2911987566587802,20.40514032302565,12.509866666666666,3,RG_AdaFedResidual
austin,58,PUBLISHED_FIELD,0.54,9.31,26.44,0.5446686580852368,19.147938533458944,11.609057228203651,3,RG_AdaFedResidual
tongji,58,PUBLISHED_FIELD,21.9,7.88,9.61,18.70263188399185,19.38073338394852,9.737414965986394,3,RG_AdaFedResidual
virtual,58,DISCLOSED_DIGITAL_TWIN,0.32,9.38,26.81,0.328285801759234,20.123006166379685,12.514054969985184,3,RG_AdaFedResidual
austin,59,PUBLISHED_FIELD,0.54,9.33,26.45,0.5425986233357452,19.258689068210668,11.612539941000104,3,RG_AdaFedResidual
tongji,59,PUBLISHED_FIELD,19.46,7.9,9.04,19.53498100293791,18.83987813291733,9.640883578351207,3,RG_AdaFedResidual
virtual,59,DISCLOSED_DIGITAL_TWIN,0.32,9.35,26.88,0.3237396568938875,19.93596220795537,12.540513812886577,3,RG_AdaFedResidual
austin,60,PUBLISHED_FIELD,0.53,9.32,26.52,0.5437664460197243,19.20349958430157,11.637589990543702,3,RG_AdaFedResidual
tongji,60,PUBLISHED_FIELD,19.82,7.96,11.05,19.81652346245856,19.24574383461568,9.652517006802722,3,RG_AdaFedResidual
virtual,60,DISCLOSED_DIGITAL_TWIN,0.36,9.37,26.65,0.3247855186820966,20.121088435374155,12.45455238095238,3,RG_AdaFedResidual
austin,61,PUBLISHED_FIELD,0.5,9.29,26.59,0.5417928511357797,19.03029160633532,11.66250540790582,4,RG_AdaFedResidual
tongji,61,PUBLISHED_FIELD,18.59,7.96,9.53,19.8696435057604,19.259595269787216,9.654543272343965,4,RG_AdaFedResidual
virtual,61,DISCLOSED_DIGITAL_TWIN,0.31,9.4,26.9,0.3198305610932627,20.22625024539483,12.547954158983313,4,RG_AdaFedResidual
austin,62,PUBLISHED_FIELD,0.55,9.3,26.42,0.541457412310339,19.0985289260576,11.60214285714286,4,RG_AdaFedResidual
tongji,62,PUBLISHED_FIELD,20.02,7.94,10.02,19.741061855168056,19.19277291473184,9.660680272108843,4,RG_AdaFedResidual
virtual,62,DISCLOSED_DIGITAL_TWIN,0.27,9.4,26.94,0.3108915014265463,20.20932289402669,12.562783611493783,4,RG_AdaFedResidual
austin,63,PUBLISHED_FIELD,0.56,9.3,26.75,0.546959337667435,19.11233404679504,11.720428571428572,4,RG_AdaFedResidual
tongji,63,PUBLISHED_FIELD,20.33,7.86,10.28,19.634427234465413,18.843953652866208,9.673333333333334,4,RG_AdaFedResidual
virtual,63,DISCLOSED_DIGITAL_TWIN,0.33,9.4,26.66,0.3107307985684052,20.245233873443137,12.456990476190477,4,RG_AdaFedResidual
austin,64,PUBLISHED_FIELD,0.53,9.3,26.43,0.5470659974898506,19.094455989076906,11.605588542749564,4,RG_AdaFedResidual
tongji,64,PUBLISHED_FIELD,23.98,7.84,10.5,19.58871936580809,19.71339345095301,9.822312925170069,4,RG_AdaFedResidual
virtual,64,DISCLOSED_DIGITAL_TWIN,0.31,9.39,26.94,0.3023009956076757,20.14809816928504,12.562742857142858,4,RG_AdaFedResidual
austin,65,PUBLISHED_FIELD,0.56,9.31,26.56,0.5503747870184784,19.169152228613225,11.652571428571427,4,RG_AdaFedResidual
tongji,65,PUBLISHED_FIELD,19.61,7.92,10.75,19.63971676543748,18.977940467693013,9.645158507432823,4,RG_AdaFedResidual
virtual,65,DISCLOSED_DIGITAL_TWIN,0.35,9.39,26.88,0.3187575466570455,20.222244173421693,12.541714285714283,4,RG_AdaFedResidual
austin,66,PUBLISHED_FIELD,0.51,9.33,26.38,0.5435854041107134,19.26006538557631,11.587582231604744,4,RG_AdaFedResidual
tongji,66,PUBLISHED_FIELD,19.23,7.95,11.25,19.456726786209952,19.089637092638224,9.637689528688842,4,RG_AdaFedResidual
virtual,66,DISCLOSED_DIGITAL_TWIN,0.27,9.42,26.87,0.3028473098461788,20.312936911091825,12.53574921035487,4,RG_AdaFedResidual
austin,67,PUBLISHED_FIELD,0.55,9.3,26.45,0.5486838497966291,19.0985289260576,11.612857142857145,4,RG_AdaFedResidual
tongji,67,PUBLISHED_FIELD,18.38,7.87,11.05,18.55622024617328,18.39947466944777,9.600934159707752,4,RG_AdaFedResidual
virtual,67,DISCLOSED_DIGITAL_TWIN,0.35,9.38,26.89,0.3353246895188181,20.162720363897886,12.545523809523807,4,RG_AdaFedResidual
austin,68,PUBLISHED_FIELD,0.51,9.29,26.39,0.5397838941014951,19.027483953331345,11.590990738318636,4,RG_AdaFedResidual
tongji,68,PUBLISHED_FIELD,15.63,7.95,10.87,18.4185824209972,18.79481572057791,9.595316289292404,4,RG_AdaFedResidual
virtual,68,DISCLOSED_DIGITAL_TWIN,0.3,9.47,27.1,0.2858217881525221,20.60504603572483,12.623238095238095,4,RG_AdaFedResidual
austin,69,PUBLISHED_FIELD,0.53,9.34,26.5,0.5410534354538137,19.313349706765027,11.630330861519449,4,RG_AdaFedResidual
tongji,69,PUBLISHED_FIELD,14.63,7.9,11.26,17.845692296644383,18.357695035245005,9.571933018910658,4,RG_AdaFedResidual
virtual,69,DISCLOSED_DIGITAL_TWIN,0.32,9.41,26.88,0.3126205093950581,20.28609270397804,12.540342857142855,4,RG_AdaFedResidual
austin,70,PUBLISHED_FIELD,0.52,9.26,26.44,0.53969208277981,18.85690097714168,11.608843946404848,4,RG_AdaFedResidual
tongji,70,PUBLISHED_FIELD,16.580000000000002,7.88,9.78,17.875073148914637,18.25752955000506,9.573132237370666,4,RG_AdaFedResidual
virtual,70,DISCLOSED_DIGITAL_TWIN,0.28,9.38,27.02,0.2927744338384407,20.05523548424272,12.592431593165948,4,RG_AdaFedResidual
austin,71,PUBLISHED_FIELD,0.54,9.29,26.53,0.539209111741254,19.027786213314847,11.641,4,RG_AdaFedResidual
tongji,71,PUBLISHED_FIELD,20.19,7.930000000000001,11.31,18.008778736431417,19.185627430556888,9.667619047619048,4,RG_AdaFedResidual
virtual,71,DISCLOSED_DIGITAL_TWIN,0.29,9.41,27.14,0.2852427988895535,20.228349960639694,12.638019047619048,4,RG_AdaFedResidual
austin,72,PUBLISHED_FIELD,0.53,9.33,26.45,0.5396489632232722,19.25456792828439,11.61241352699528,4,RG_AdaFedResidual
tongji,72,PUBLISHED_FIELD,16.02,7.9,12.01,18.36517292765276,18.50774154353653,9.593136309972222,4,RG_AdaFedResidual
virtual,72,DISCLOSED_DIGITAL_TWIN,0.22,9.47,26.76,0.2801177867868674,20.565848909320607,12.49280538453883,4,RG_AdaFedResidual
austin,73,PUBLISHED_FIELD,0.53,9.31,26.47,0.539767125499164,19.14109686089564,11.619561448235675,4,RG_AdaFedResidual
tongji,73,PUBLISHED_FIELD,18.19,7.95,14.71,18.39750948008373,18.78876722520473,9.594456169255118,4,RG_AdaFedResidual
virtual,73,DISCLOSED_DIGITAL_TWIN,0.25,9.44,26.89,0.2587247971513911,20.3435758264809,12.541351228822158,4,RG_AdaFedResidual
austin,74,PUBLISHED_FIELD,0.52,9.31,26.53,0.5392285475222832,19.14034330941903,11.640966937750957,4,RG_AdaFedResidual
tongji,74,PUBLISHED_FIELD,15.93,7.88,14.73,18.005539334743197,18.2953438114571,9.578457387812648,4,RG_AdaFedResidual
virtual,74,DISCLOSED_DIGITAL_TWIN,0.22,9.48,26.93,0.2339012031742414,20.52871693316732,12.555454531192728,4,RG_AdaFedResidual
austin,75,PUBLISHED_FIELD,0.54,9.27,26.54,0.5406141776248163,18.915008566261346,11.644597750469634,4,RG_AdaFedResidual
tongji,75,PUBLISHED_FIELD,18.14,7.91,13.57,18.515350304839973,18.60516584467184,9.599265998837009,4,RG_AdaFedResidual
virtual,75,DISCLOSED_DIGITAL_TWIN,0.24,9.44,26.74,0.2542688336807555,20.33425682845596,12.484004670492077,4,RG_AdaFedResidual
austin,76,PUBLISHED_FIELD,0.56,9.31,26.63,0.5412170660120481,19.169152228613225,11.67757142857143,4,RG_AdaFedResidual
tongji,76,PUBLISHED_FIELD,16.79,7.87,13.35,18.5380946211842,18.394286920889417,9.600194338279628,4,RG_AdaFedResidual
virtual,76,DISCLOSED_DIGITAL_TWIN,0.21,9.49,26.76,0.2357975620151215,20.592378884223315,12.490779317120692,4,RG_AdaFedResidual
austin,77,PUBLISHED_FIELD,0.5700000000000001,9.28,26.42,0.5459347007132526,19.01238657829949,11.603000000000002,4,RG_AdaFedResidual
tongji,77,PUBLISHED_FIELD,17.61,7.85,11.68,19.033469453604503,18.42669236353177,9.620413719194742,4,RG_AdaFedResidual
virtual,77,DISCLOSED_DIGITAL_TWIN,0.23,9.48,26.84,0.2442719301035448,20.551154289813955,12.521642907280924,4,RG_AdaFedResidual
austin,78,PUBLISHED_FIELD,0.54,9.29,26.29,0.5452077308324959,19.03505283620774,11.555508902749963,4,RG_AdaFedResidual
tongji,78,PUBLISHED_FIELD,17.5,7.86,12.48,19.052131473891784,18.486328573449104,9.621175434308508,4,RG_AdaFedResidual
virtual,78,DISCLOSED_DIGITAL_TWIN,0.22,9.43,26.96,0.2384105411109395,20.24091172990453,12.56708924378412,4,RG_AdaFedResidual
austin,79,PUBLISHED_FIELD,0.52,9.32,26.23,0.5409028865792981,19.199502975985208,11.533895837996257,4,RG_AdaFedResidual
tongji,79,PUBLISHED_FIELD,19.54,7.85,12.67,19.163119215958965,18.56954761688212,9.641088435374153,4,RG_AdaFedResidual
virtual,79,DISCLOSED_DIGITAL_TWIN,0.23,9.46,27.08,0.2455792991785764,20.43490232432224,12.613131244152928,4,RG_AdaFedResidual
austin,80,PUBLISHED_FIELD,0.58,9.3,26.43,0.5424553406953664,19.139598656986475,11.606999999999998,4,RG_AdaFedResidual
tongji,80,PUBLISHED_FIELD,15.64,7.82,13.33,18.892721390590385,18.22370101077033,9.614668900296207,4,RG_AdaFedResidual
virtual,80,DISCLOSED_DIGITAL_TWIN,0.16,9.46,27.2,0.2360214836183601,20.41429502487703,12.658408601155887,4,RG_AdaFedResidual
austin,81,PUBLISHED_FIELD,0.54,9.32,26.54,0.5424916391051681,19.20172159837431,11.644678213104504,5,RG_AdaFedResidual
tongji,81,PUBLISHED_FIELD,13.52,7.8,12.72,18.46562936160752,17.993092617730973,9.59723657258262,5,RG_AdaFedResidual
virtual,81,DISCLOSED_DIGITAL_TWIN,0.2,9.45,27.11,0.2195972914897118,20.318395215781567,12.623372066658575,5,RG_AdaFedResidual
austin,82,PUBLISHED_FIELD,0.5700000000000001,9.32,26.5,0.5501771144747231,19.239659305572225,11.631571428571428,5,RG_AdaFedResidual
tongji,82,PUBLISHED_FIELD,14.99,7.86,13.0,17.9693857683007,18.17617986876792,9.576981732039483,5,RG_AdaFedResidual
virtual,82,DISCLOSED_DIGITAL_TWIN,0.26,9.47,26.92,0.2226158849822241,20.524799900733225,12.552838095238098,5,RG_AdaFedResidual
austin,83,PUBLISHED_FIELD,0.54,9.3,26.32,0.5436630558680188,19.08971909503204,11.566156988108627,5,RG_AdaFedResidual
tongji,83,PUBLISHED_FIELD,16.63,7.87,13.03,17.59362618292468,18.12124842776671,9.56164460610577,5,RG_AdaFedResidual
virtual,83,DISCLOSED_DIGITAL_TWIN,0.3,9.46,27.05,0.2791464891851644,20.54552222620102,12.604190476190476,5,RG_AdaFedResidual
austin,84,PUBLISHED_FIELD,0.51,9.31,26.41,0.5435855934369037,19.14642928588995,11.598296525433009,5,RG_AdaFedResidual
tongji,84,PUBLISHED_FIELD,16.6,7.84,14.36,17.61812331757229,17.965356117052163,9.562644489152612,5,RG_AdaFedResidual
virtual,84,DISCLOSED_DIGITAL_TWIN,0.31,9.48,26.89,0.3088660550298308,20.683812454999327,12.543695238095236,5,RG_AdaFedResidual
austin,85,PUBLISHED_FIELD,0.52,9.3,26.45,0.5408200528277418,19.08575085405349,11.61246371654976,5,RG_AdaFedResidual
tongji,85,PUBLISHED_FIELD,16.6,7.890000000000001,14.18,18.001536871700566,18.34853311430243,9.578294021974171,5,RG_AdaFedResidual
virtual,85,DISCLOSED_DIGITAL_TWIN,0.3,9.41,26.83,0.3057964394737639,20.25909389724316,12.520645932471185,5,RG_AdaFedResidual
austin,86,PUBLISHED_FIELD,0.54,9.32,26.3,0.537956395889187,19.198240758769387,11.55885714285714,5,RG_AdaFedResidual
tongji,86,PUBLISHED_FIELD,14.39,7.9,13.62,18.269262504835627,18.48016110746229,9.589221598836827,5,RG_AdaFedResidual
virtual,86,DISCLOSED_DIGITAL_TWIN,0.32,9.44,26.96,0.3114021304680838,20.464664132549466,12.570819047619048,5,RG_AdaFedResidual
austin,87,PUBLISHED_FIELD,0.5700000000000001,9.32,26.3,0.5416353442293568,19.239659305572225,11.560142857142855,5,RG_AdaFedResidual
tongji,87,PUBLISHED_FIELD,15.75,7.88,13.1,18.07567617318001,18.3156292768716,9.58132011591211,5,RG_AdaFedResidual
virtual,87,DISCLOSED_DIGITAL_TWIN,0.32,9.44,26.96,0.3175495664310343,20.464664132549466,12.570819047619048,5,RG_AdaFedResidual
austin,88,PUBLISHED_FIELD,0.53,9.35,26.49,0.5410780629391925,19.3702022987794,11.626760488411678,5,RG_AdaFedResidual
tongji,88,PUBLISHED_FIELD,17.72,7.97,13.54,18.012187433685092,18.786398339768738,9.578728738789868,5,RG_AdaFedResidual
virtual,88,DISCLOSED_DIGITAL_TWIN,0.3,9.46,26.97,0.3169160872580565,20.577899373196527,12.574487592560368,5,RG_AdaFedResidual
austin,89,PUBLISHED_FIELD,0.54,9.3,26.42,0.5429001982919529,19.08865527166344,11.6018385799268,5,RG_AdaFedResidual
tongji,89,PUBLISHED_FIELD,15.62,7.85,14.05,17.679209413466594,18.037519657198644,9.565137799189111,5,RG_AdaFedResidual
virtual,89,DISCLOSED_DIGITAL_TWIN,0.28,9.48,27.02,0.292386084601389,20.64971124710147,12.592413840057969,5,RG_AdaFedResidual
austin,90,PUBLISHED_FIELD,0.56,9.32,26.38,0.5421771727607428,19.225970410431405,11.588285714285714,5,RG_AdaFedResidual
tongji,90,PUBLISHED_FIELD,16.31,7.85,14.23,17.637169002712376,18.02526111911553,9.563421864056288,5,RG_AdaFedResidual
virtual,90,DISCLOSED_DIGITAL_TWIN,0.29,9.45,26.86,0.2856984225805761,20.46644519873493,12.531352380952384,5,RG_AdaFedResidual
austin,91,PUBLISHED_FIELD,0.53,9.31,26.37,0.5431367282789648,19.145803375991505,11.583991574069096,5,RG_AdaFedResidual
tongji,91,PUBLISHED_FIELD,15.7,7.85,12.49,17.696674134856014,18.042608926214275,9.56585064496011,5,RG_AdaFedResidual
virtual,91,DISCLOSED_DIGITAL_TWIN,0.25,9.46,26.9,0.2785484697643879,20.50317513025509,12.54606697766542,5,RG_AdaFedResidual
austin,92,PUBLISHED_FIELD,0.54,9.29,26.42,0.5433444813031193,19.0324567393297,11.601857620627278,5,RG_AdaFedResidual
tongji,92,PUBLISHED_FIELD,21.2,7.9,13.42,17.678421713061322,19.30002318004075,9.708843537414968,5,RG_AdaFedResidual
virtual,92,DISCLOSED_DIGITAL_TWIN,0.27,9.43,27.06,0.2730890462678526,20.31357836212328,12.606769784972244,5,RG_AdaFedResidual
austin,93,PUBLISHED_FIELD,0.53,9.35,26.45,0.5406779595275235,19.36964317140025,11.612457626836893,5,RG_AdaFedResidual
tongji,93,PUBLISHED_FIELD,19.31,7.890000000000001,13.74,18.352182702676124,18.722247531448385,9.631700680272107,5,RG_AdaFedResidual
virtual,93,DISCLOSED_DIGITAL_TWIN,0.31,9.44,26.88,0.2709704675148897,20.44571721690408,12.539885714285711,5,RG_AdaFedResidual
austin,94,PUBLISHED_FIELD,0.5700000000000001,9.34,26.35,0.5442273290474237,19.35329566920859,11.578,5,RG_AdaFedResidual
tongji,94,PUBLISHED_FIELD,20.81,7.8,14.76,19.287210889962303,18.6500115984773,9.692925170068028,5,RG_AdaFedResidual
virtual,94,DISCLOSED_DIGITAL_TWIN,0.29,9.46,27.07,0.2875661022156996,20.525969008258745,12.61135238095238,5,RG_AdaFedResidual
austin,95,PUBLISHED_FIELD,0.53,9.31,26.38,0.541624550235365,19.14369294764453,11.587498195010088,5,RG_AdaFedResidual
tongji,95,PUBLISHED_FIELD,16.61,7.73,16.7,19.109309708304018,17.795997686756863,9.623509239794725,5,RG_AdaFedResidual
virtual,95,DISCLOSED_DIGITAL_TWIN,0.3,9.47,27.04,0.2996787749762634,20.60504603572483,12.600380952380954,5,RG_AdaFedResidual
austin,96,PUBLISHED_FIELD,0.53,9.33,26.53,0.5406607590887053,19.25598276649262,11.64102831824666,5,RG_AdaFedResidual
tongji,96,PUBLISHED_FIELD,14.41,7.8,16.73,18.49199722987148,18.000649924001376,9.598312812103597,5,RG_AdaFedResidual
virtual,96,DISCLOSED_DIGITAL_TWIN,0.3,9.43,27.1,0.2943410164009357,20.366950797629585,12.623238095238095,5,RG_AdaFedResidual
austin,97,PUBLISHED_FIELD,0.58,9.33,26.56,0.5413970647240983,19.31005320244102,11.653428571428572,5,RG_AdaFedResidual
tongji,97,PUBLISHED_FIELD,14.51,8.0,17.990000000000002,17.43841652009682,18.78237322626716,9.555309517827082,5,RG_AdaFedResidual
virtual,97,DISCLOSED_DIGITAL_TWIN,0.3,9.46,26.94,0.2940656916046912,20.54552222620102,12.562285714285718,5,RG_AdaFedResidual
austin,98,PUBLISHED_FIELD,0.54,9.31,26.26,0.5439742518422406,19.146971044052723,11.54474175365038,5,RG_AdaFedResidual
tongji,98,PUBLISHED_FIELD,16.18,7.9,18.86,16.711359651901518,18.02415337397852,9.525633727288495,5,RG_AdaFedResidual
virtual,98,DISCLOSED_DIGITAL_TWIN,0.31,9.42,26.97,0.2958286502054036,20.326669597856466,12.574171428571429,5,RG_AdaFedResidual
austin,99,PUBLISHED_FIELD,0.54,9.3,26.59,0.5440595080043329,19.090271677851234,11.662602550343042,5,RG_AdaFedResidual
tongji,99,PUBLISHED_FIELD,13.18,7.890000000000001,19.68,16.18928588668673,17.813396376433584,9.504324594014426,5,RG_AdaFedResidual
virtual,99,DISCLOSED_DIGITAL_TWIN,0.3,9.44,27.01,0.2948461371339338,20.426474607153395,12.588952380952383,5,RG_AdaFedResidual
austin,100,PUBLISHED_FIELD,0.51,9.33,26.46,0.5439970549295956,19.260639187639107,11.616171302354129,5,RG_AdaFedResidual
tongji,100,PUBLISHED_FIELD,13.38,7.87,17.81,15.976429560901105,17.640376492715617,9.495636580717052,5,RG_AdaFedResidual
virtual,100,DISCLOSED_DIGITAL_TWIN,0.29,9.43,26.97,0.2944784875076049,20.356193872740285,12.573461873714631,5,RG_AdaFedResidual
austin,101,PUBLISHED_FIELD,0.54,9.32,26.4,0.5445285242346436,19.204561519281977,11.594765508181489,6,RG_AdaFedResidual
tongji,101,PUBLISHED_FIELD,11.62,7.94,16.240000000000002,16.060490108836987,18.046253123431807,9.499067623489946,6,RG_AdaFedResidual
virtual,101,DISCLOSED_DIGITAL_TWIN,0.29,9.43,27.03,0.2862790978029438,20.34739757968732,12.596114285714288,6,RG_AdaFedResidual
austin,102,PUBLISHED_FIELD,0.5,9.33,26.5,0.5361329448442737,19.2496415251707,11.630119983350468,6,RG_AdaFedResidual
tongji,102,PUBLISHED_FIELD,11.74,7.86,15.12,15.57816472675452,17.464781790399215,9.479380873200869,6,RG_AdaFedResidual
virtual,102,DISCLOSED_DIGITAL_TWIN,0.32,9.4,26.84,0.2858140491702868,20.22656889445423,12.525104761904762,6,RG_AdaFedResidual
austin,103,PUBLISHED_FIELD,0.6,9.31,26.39,0.5425858667031243,19.22324026475614,11.593571428571428,6,RG_AdaFedResidual
tongji,103,PUBLISHED_FIELD,14.13,7.88,14.39,15.125268212842313,17.43413541075232,9.460895301204449,6,RG_AdaFedResidual
virtual,103,DISCLOSED_DIGITAL_TWIN,0.3,9.42,27.16,0.2959319869038683,20.30742698810578,12.64609523809524,6,RG_AdaFedResidual
austin,104,PUBLISHED_FIELD,0.56,9.31,26.43,0.5479985791779061,19.169152228613225,11.606142857142858,6,RG_AdaFedResidual
tongji,104,PUBLISHED_FIELD,11.42,7.88,14.85,14.77998234961195,17.326814161316374,9.446802000664434,6,RG_AdaFedResidual
virtual,104,DISCLOSED_DIGITAL_TWIN,0.32,9.44,26.96,0.3188226473294486,20.464664132549466,12.570819047619048,6,RG_AdaFedResidual
austin,105,PUBLISHED_FIELD,0.55,9.32,26.33,0.5468179872023191,19.21216528969396,11.57,6,RG_AdaFedResidual
tongji,105,PUBLISHED_FIELD,10.25,7.91,15.21,14.294708801709394,17.3373651904667,9.426994917076572,6,RG_AdaFedResidual
virtual,105,DISCLOSED_DIGITAL_TWIN,0.34,9.45,26.67,0.3237031263860059,20.561248686022857,12.461257142857145,6,RG_AdaFedResidual
austin,106,PUBLISHED_FIELD,0.51,9.32,26.34,0.544651714853249,19.20473311588409,11.573342216350854,6,RG_AdaFedResidual
tongji,106,PUBLISHED_FIELD,11.99,7.91,15.9,13.737303378997115,17.15969387485138,9.404243675333216,6,RG_AdaFedResidual
virtual,106,DISCLOSED_DIGITAL_TWIN,0.34,9.41,26.7,0.3434259707595291,20.32939601156317,12.472842330091863,6,RG_AdaFedResidual
austin,107,PUBLISHED_FIELD,0.54,9.32,26.44,0.5431998946166398,19.202709653499102,11.608994281197855,6,RG_AdaFedResidual
tongji,107,PUBLISHED_FIELD,15.38,7.890000000000001,16.080000000000002,13.604082611723737,17.567051509736984,9.471292517006804,6,RG_AdaFedResidual
virtual,107,DISCLOSED_DIGITAL_TWIN,0.35,9.42,26.64,0.3427927051810495,20.40081560199312,12.450285714285714,6,RG_AdaFedResidual
austin,108,PUBLISHED_FIELD,0.55,9.31,26.49,0.5440393486017134,19.15534710787578,11.627142857142855,6,RG_AdaFedResidual
tongji,108,PUBLISHED_FIELD,10.21,7.91,17.71,13.269172675932593,17.00828857931323,9.38513629969793,6,RG_AdaFedResidual
virtual,108,DISCLOSED_DIGITAL_TWIN,0.34,9.43,26.69,0.3478834505275311,20.45652126056368,12.469236576786022,6,RG_AdaFedResidual
austin,109,PUBLISHED_FIELD,0.53,9.28,26.36,0.5448000802601257,18.97766702766607,11.580491432011144,6,RG_AdaFedResidual
tongji,109,PUBLISHED_FIELD,9.12,7.9,17.43,12.611673078219258,16.737694698630744,9.358299581423916,6,RG_AdaFedResidual
virtual,109,DISCLOSED_DIGITAL_TWIN,0.35,9.43,26.76,0.3469152024176551,20.460339411516927,12.496,6,RG_AdaFedResidual
austin,110,PUBLISHED_FIELD,0.54,9.34,26.33,0.5432256165125202,19.31638188909495,11.569709669279108,6,RG_AdaFedResidual
tongji,110,PUBLISHED_FIELD,12.39,7.94,17.76,12.27564373251498,16.881182946632812,9.349251700680272,6,RG_AdaFedResidual
virtual,110,DISCLOSED_DIGITAL_TWIN,0.34,9.44,26.66,0.3426200873194243,20.506501708856728,12.457567394467937,6,RG_AdaFedResidual
austin,111,PUBLISHED_FIELD,0.56,9.29,26.38,0.5446156629227912,19.055515864976865,11.588285714285714,6,RG_AdaFedResidual
tongji,111,PUBLISHED_FIELD,9.05,7.94,18.72,11.822840914777403,16.68967520154096,9.326102350263024,6,RG_AdaFedResidual
virtual,111,DISCLOSED_DIGITAL_TWIN,0.34,9.45,26.71,0.3475187771544371,20.5749099046876,12.476838953622297,6,RG_AdaFedResidual
austin,112,PUBLISHED_FIELD,0.55,9.34,26.2,0.5455061266705509,19.32580165333032,11.52357142857143,6,RG_AdaFedResidual
tongji,112,PUBLISHED_FIELD,9.0,7.98,19.55,11.27391125240137,16.718204146432775,9.303697057921145,6,RG_AdaFedResidual
virtual,112,DISCLOSED_DIGITAL_TWIN,0.34,9.42,26.61,0.3458468297518151,20.393312972544784,12.438667283645795,6,RG_AdaFedResidual
austin,113,PUBLISHED_FIELD,0.54,9.29,26.34,0.5473834382113194,19.038078971941893,11.573459290209057,6,RG_AdaFedResidual
tongji,113,PUBLISHED_FIELD,8.19,8.040000000000001,20.48,10.898641380748913,16.91305855700093,9.451645226425128,6,RG_AdaFedResidual
virtual,113,DISCLOSED_DIGITAL_TWIN,0.33,9.44,26.8,0.3459701634993458,20.51258401141252,12.511053874140924,6,RG_AdaFedResidual
austin,114,PUBLISHED_FIELD,0.55,9.29,26.43,0.5465505253268446,19.04171074423942,11.605714285714283,6,RG_AdaFedResidual
tongji,114,PUBLISHED_FIELD,10.09,8.03,20.44,10.737700560195297,16.80187611683336,9.431470771164436,6,RG_AdaFedResidual
virtual,114,DISCLOSED_DIGITAL_TWIN,0.36,9.43,26.58,0.3445478419198054,20.478231292517005,12.427885714285717,6,RG_AdaFedResidual
austin,115,PUBLISHED_FIELD,0.55,9.31,26.28,0.5485283409603308,19.15534710787578,11.552142857142856,6,RG_AdaFedResidual
tongji,115,PUBLISHED_FIELD,9.02,8.120000000000001,20.47,10.719186805066968,17.284446758603874,9.440919189322464,6,RG_AdaFedResidual
virtual,115,DISCLOSED_DIGITAL_TWIN,0.37,9.42,26.65,0.3665990480661008,20.436363101421406,12.455009523809524,6,RG_AdaFedResidual
austin,116,PUBLISHED_FIELD,0.5700000000000001,9.36,26.2,0.5484001364094032,19.466932032844944,11.524428571428572,6,RG_AdaFedResidual
tongji,116,PUBLISHED_FIELD,14.13,8.14,18.78,11.201637971348084,18.53515073138354,9.420272108843536,6,RG_AdaFedResidual
virtual,116,DISCLOSED_DIGITAL_TWIN,0.29,9.38,26.65,0.364688821306193,20.188919471931136,12.454766727069236,6,RG_AdaFedResidual
austin,117,PUBLISHED_FIELD,0.51,9.26,26.36,0.5493606869200343,18.87036959289192,11.580686886582283,6,RG_AdaFedResidual
tongji,117,PUBLISHED_FIELD,14.69,8.21,18.61,12.716372399821209,19.092165054684525,9.44312925170068,6,RG_AdaFedResidual
virtual,117,DISCLOSED_DIGITAL_TWIN,0.3,9.41,26.68,0.3068947689356024,20.261202840598425,12.463553284675152,6,RG_AdaFedResidual
austin,118,PUBLISHED_FIELD,0.55,9.31,26.18,0.5487701446471482,19.15534710787578,11.516428571428571,6,RG_AdaFedResidual
tongji,118,PUBLISHED_FIELD,15.12,8.22,18.89,14.01682433506029,19.28033121561128,9.460680272108844,6,RG_AdaFedResidual
virtual,118,DISCLOSED_DIGITAL_TWIN,0.33,9.41,26.81,0.310157445626207,20.304757682966944,12.514133333333335,6,RG_AdaFedResidual
austin,119,PUBLISHED_FIELD,0.54,9.27,26.42,0.5486121844053382,18.926149122509127,11.602083379331658,6,RG_AdaFedResidual
tongji,119,PUBLISHED_FIELD,15.07,8.22,19.47,14.766367664679429,19.264847432465224,9.458639455782317,6,RG_AdaFedResidual
virtual,119,DISCLOSED_DIGITAL_TWIN,0.36,9.39,26.8,0.3358059196815984,20.24013605442177,12.51169523809524,6,RG_AdaFedResidual
austin,120,PUBLISHED_FIELD,0.56,9.31,26.49,0.5489098498832448,19.169152228613225,11.627571428571429,6,RG_AdaFedResidual
tongji,120,PUBLISHED_FIELD,15.68,8.2,20.63,14.99927706363948,19.34372293412049,9.6978231292517,6,RG_AdaFedResidual
virtual,120,DISCLOSED_DIGITAL_TWIN,0.32,9.44,26.52,0.3425967307644507,20.50645920362187,12.404232993406374,6,RG_AdaFedResidual
austin,121,PUBLISHED_FIELD,0.5700000000000001,9.31,26.41,0.553587912559574,19.182841123754045,11.599428571428572,7,RG_AdaFedResidual
tongji,121,PUBLISHED_FIELD,15.97,8.18,21.01,14.8939494538266,19.323211007212947,9.838911564625851,7,RG_AdaFedResidual
virtual,121,DISCLOSED_DIGITAL_TWIN,0.28,9.42,26.4,0.3348051943291691,20.373153868680017,12.358162523169336,7,RG_AdaFedResidual
austin,122,PUBLISHED_FIELD,0.52,9.32,26.39,0.5539836659270445,19.217678917065324,11.5915992999683,7,RG_AdaFedResidual
tongji,122,PUBLISHED_FIELD,18.4,8.11,21.5,14.82916905093496,19.65904742466852,10.104761904761904,7,RG_AdaFedResidual
virtual,122,DISCLOSED_DIGITAL_TWIN,0.33,9.36,26.39,0.3308711185159316,20.008751652853142,12.354173155894063,7,RG_AdaFedResidual
austin,123,PUBLISHED_FIELD,0.5700000000000001,9.32,26.33,0.5580620211962235,19.239659305572225,11.570857142857143,7,RG_AdaFedResidual
tongji,123,PUBLISHED_FIELD,15.79,8.08,22.02,14.86202401513552,18.725071361356097,10.175102040816329,7,RG_AdaFedResidual
virtual,123,DISCLOSED_DIGITAL_TWIN,0.31,9.43,26.48,0.3222956382622395,20.409449582361944,12.388066848225323,7,RG_AdaFedResidual
austin,124,PUBLISHED_FIELD,0.52,9.34,26.21,0.5474970839278598,19.32232779122045,11.527035589311192,7,RG_AdaFedResidual
tongji,124,PUBLISHED_FIELD,16.1,8.09,21.54,15.238901368428268,18.873410924623183,10.024489795918369,7,RG_AdaFedResidual
virtual,124,DISCLOSED_DIGITAL_TWIN,0.32,9.41,26.55,0.3287361864883568,20.30241389381872,12.415027939953752,7,RG_AdaFedResidual
austin,125,PUBLISHED_FIELD,0.56,9.29,26.28,0.5561472304291103,19.055515864976865,11.55257142857143,7,RG_AdaFedResidual
tongji,125,PUBLISHED_FIELD,13.5,8.23,22.01,15.558662160828373,19.469683541992296,10.162258319489592,7,RG_AdaFedResidual
virtual,125,DISCLOSED_DIGITAL_TWIN,0.32,9.4,26.53,0.3296957899863437,20.24467009843072,12.407452759923189,7,RG_AdaFedResidual
austin,126,PUBLISHED_FIELD,0.53,9.33,26.53,0.5488361691703104,19.26736909402944,11.641378692964444,7,RG_AdaFedResidual
tongji,126,PUBLISHED_FIELD,13.92,8.3,21.35,15.847143657600403,19.938102466168715,9.949543278541514,7,RG_AdaFedResidual
virtual,126,DISCLOSED_DIGITAL_TWIN,0.3,9.41,26.72,0.3272606008827554,20.299671892710265,12.479722389373686,7,RG_AdaFedResidual
austin,127,PUBLISHED_FIELD,0.53,9.34,26.27,0.5475884248628384,19.32245469776442,11.548468075351265,7,RG_AdaFedResidual
tongji,127,PUBLISHED_FIELD,15.22,8.24,21.94,16.114817326293522,19.693103402632467,10.161149006515384,7,RG_AdaFedResidual
virtual,127,DISCLOSED_DIGITAL_TWIN,0.34,9.47,26.49,0.3331580118320534,20.68029630507048,12.392685714285715,7,RG_AdaFedResidual
austin,128,PUBLISHED_FIELD,0.54,9.29,26.32,0.5472507935863089,19.037894643217,11.566310748296557,7,RG_AdaFedResidual
tongji,128,PUBLISHED_FIELD,12.1,8.2,20.78,16.32867312554202,19.540125219031378,9.775319991518725,7,RG_AdaFedResidual
virtual,128,DISCLOSED_DIGITAL_TWIN,0.36,9.45,26.88,0.3467295436115653,20.59727891156464,12.542171428571429,7,RG_AdaFedResidual
austin,129,PUBLISHED_FIELD,0.55,9.29,26.32,0.5479883656805511,19.04171074423942,11.566428571428574,7,RG_AdaFedResidual
tongji,129,PUBLISHED_FIELD,10.11,8.11,20.92,15.7860274501644,18.886905780069576,9.800790236061134,7,RG_AdaFedResidual
virtual,129,DISCLOSED_DIGITAL_TWIN,0.35,9.4,26.69,0.3535903091802466,20.288219533318376,12.469497461753004,7,RG_AdaFedResidual
austin,130,PUBLISHED_FIELD,0.54,9.33,26.29,0.547560286868992,19.26559742287229,11.5556097265801,7,RG_AdaFedResidual
tongji,130,PUBLISHED_FIELD,18.51,8.17,21.14,15.389692911599967,20.01667693079464,9.986802721088438,7,RG_AdaFedResidual
virtual,130,DISCLOSED_DIGITAL_TWIN,0.33,9.44,26.56,0.3556155217483983,20.52994011658549,12.420066233375168,7,RG_AdaFedResidual
austin,131,PUBLISHED_FIELD,0.55,9.32,26.41,0.5496773436081501,19.21216528969396,11.598571428571429,7,RG_AdaFedResidual
tongji,131,PUBLISHED_FIELD,16.4,8.120000000000001,20.74,16.30916754906454,19.12675406136022,9.764625850340137,7,RG_AdaFedResidual
virtual,131,DISCLOSED_DIGITAL_TWIN,0.34,9.41,26.76,0.3423883004132083,20.32750840331041,12.49565203659032,7,RG_AdaFedResidual
austin,132,PUBLISHED_FIELD,0.56,9.3,26.4,0.5500635765359353,19.11233404679504,11.595428571428574,7,RG_AdaFedResidual
tongji,132,PUBLISHED_FIELD,18.7,8.06,21.27,17.12446735425541,19.47316707221354,10.03877551020408,7,RG_AdaFedResidual
virtual,132,DISCLOSED_DIGITAL_TWIN,0.3,9.45,26.79,0.3297180486433616,20.54233040519808,12.506501396509409,7,RG_AdaFedResidual
austin,133,PUBLISHED_FIELD,0.58,9.34,26.43,0.552568103260719,19.3668713842592,11.606999999999998,7,RG_AdaFedResidual
tongji,133,PUBLISHED_FIELD,15.17,8.24,22.24,17.10085627779778,19.98745391853918,10.303436310658414,7,RG_AdaFedResidual
virtual,133,DISCLOSED_DIGITAL_TWIN,0.34,9.43,26.56,0.3444622303409186,20.45032594842801,12.41955636862511,7,RG_AdaFedResidual
austin,134,PUBLISHED_FIELD,0.51,9.32,26.49,0.5531215227673185,19.21648725665127,11.627276636690029,7,RG_AdaFedResidual
tongji,134,PUBLISHED_FIELD,14.0,8.18,22.28,16.680512824296553,19.536703573687472,10.299884877182173,7,RG_AdaFedResidual
virtual,134,DISCLOSED_DIGITAL_TWIN,0.28,9.45,26.41,0.3034245489151744,20.492622336790685,12.360537503188503,7,RG_AdaFedResidual
austin,135,PUBLISHED_FIELD,0.55,9.3,26.34,0.55178605803367,19.101003266155374,11.573647973915731,7,RG_AdaFedResidual
tongji,135,PUBLISHED_FIELD,21.42,8.14,22.32,16.28992554652727,20.66414519160706,10.506938775510203,7,RG_AdaFedResidual
virtual,135,DISCLOSED_DIGITAL_TWIN,0.27,9.43,26.59,0.2904598350759545,20.348303744694537,12.428516259127283,7,RG_AdaFedResidual
austin,136,PUBLISHED_FIELD,0.54,9.33,26.4,0.549454701998161,19.2682272773258,11.594976630085638,7,RG_AdaFedResidual
tongji,136,PUBLISHED_FIELD,15.09,8.18,23.49,15.972467557754207,19.32395868879877,10.682549696234869,7,RG_AdaFedResidual
virtual,136,DISCLOSED_DIGITAL_TWIN,0.32,9.44,26.5,0.2968255937470475,20.464664132549466,12.395580952380952,7,RG_AdaFedResidual
austin,137,PUBLISHED_FIELD,0.55,9.31,26.28,0.5526013487322636,19.15894966107561,11.552254343517095,7,RG_AdaFedResidual
tongji,137,PUBLISHED_FIELD,16.3,8.18,21.37,16.224374246897977,19.42281213845454,9.97482993197279,7,RG_AdaFedResidual
virtual,137,DISCLOSED_DIGITAL_TWIN,0.32,9.42,26.66,0.3314108766370706,20.3668929386282,12.45705497340817,7,RG_AdaFedResidual
austin,138,PUBLISHED_FIELD,0.53,9.33,26.34,0.5498553941055758,19.26878297332206,11.573565231175952,7,RG_AdaFedResidual
tongji,138,PUBLISHED_FIELD,19.6,8.23,21.21,16.47380696204628,20.651593896091423,10.055102040816326,7,RG_AdaFedResidual
virtual,138,DISCLOSED_DIGITAL_TWIN,0.26,9.42,26.58,0.3286233001297003,20.361728141419647,12.426451350863074,7,RG_AdaFedResidual
austin,139,PUBLISHED_FIELD,0.56,9.28,26.27,0.5525261192692886,18.99869768315867,11.549,7,RG_AdaFedResidual
tongji,139,PUBLISHED_FIELD,12.62,8.21,22.1,16.883643902773922,19.76013874898433,10.246951451813905,7,RG_AdaFedResidual
virtual,139,DISCLOSED_DIGITAL_TWIN,0.31,9.43,26.46,0.3203654898098616,20.405827392578324,12.380359565248453,7,RG_AdaFedResidual
austin,140,PUBLISHED_FIELD,0.53,9.31,26.48,0.546659540222801,19.150709117980032,11.62342826600955,7,RG_AdaFedResidual
tongji,140,PUBLISHED_FIELD,21.39,8.120000000000001,21.46,18.191157806517133,20.547311984979263,10.213197278911569,7,RG_AdaFedResidual
virtual,140,DISCLOSED_DIGITAL_TWIN,0.25,9.41,26.52,0.2786419192253305,20.205743895175026,12.401309344878872,7,RG_AdaFedResidual
austin,141,PUBLISHED_FIELD,0.53,9.3,26.24,0.5477020630167422,19.09533984217128,11.537758659843576,8,RG_AdaFedResidual
tongji,141,PUBLISHED_FIELD,18.4,8.11,21.8,18.53221507266847,19.69695154530856,10.21219925466674,8,RG_AdaFedResidual
virtual,141,DISCLOSED_DIGITAL_TWIN,0.25,9.43,26.62,0.2693155299426605,20.3058956294023,12.438978233749758,8,RG_AdaFedResidual
austin,142,PUBLISHED_FIELD,0.53,9.26,26.34,0.545680345775962,18.8652561244784,11.573386300533254,8,RG_AdaFedResidual
tongji,142,PUBLISHED_FIELD,20.6,8.1,21.4,19.56510536422396,20.22277444813184,10.160544217687075,8,RG_AdaFedResidual
virtual,142,DISCLOSED_DIGITAL_TWIN,0.2,9.44,26.72,0.2741116020245303,20.375175244305147,12.477292720854454,8,RG_AdaFedResidual
austin,143,PUBLISHED_FIELD,0.56,9.32,26.39,0.5442391164744013,19.225970410431405,11.591857142857142,8,RG_AdaFedResidual
tongji,143,PUBLISHED_FIELD,19.6,8.21,22.18,19.31624126475297,20.54289824391752,10.38503401360544,8,RG_AdaFedResidual
virtual,143,DISCLOSED_DIGITAL_TWIN,0.17,9.46,26.54,0.2304361503384314,20.40206600836035,12.406724700205949,8,RG_AdaFedResidual
austin,144,PUBLISHED_FIELD,0.55,9.33,26.29,0.5486657209269403,19.268983471512144,11.555714285714284,8,RG_AdaFedResidual
tongji,144,PUBLISHED_FIELD,21.11,8.13,21.55,19.40493078757525,20.52550373241749,10.232380952380955,8,RG_AdaFedResidual
virtual,144,DISCLOSED_DIGITAL_TWIN,0.21,9.44,26.75,0.2302009351093247,20.28250026734016,12.48671394750976,8,RG_AdaFedResidual
austin,145,PUBLISHED_FIELD,0.53,9.35,26.59,0.5486276247215627,19.38071600943661,11.662798326773782,8,RG_AdaFedResidual
tongji,145,PUBLISHED_FIELD,25.88,8.15,21.5,19.533207477116868,21.88553839153558,10.410068027210883,8,RG_AdaFedResidual
virtual,145,DISCLOSED_DIGITAL_TWIN,0.19,9.42,26.82,0.2211737926947469,20.14337114800024,12.512967944808905,8,RG_AdaFedResidual
austin,146,PUBLISHED_FIELD,0.54,9.29,26.34,0.5480634538827301,19.03902361910567,11.57348843373783,8,RG_AdaFedResidual
tongji,146,PUBLISHED_FIELD,15.04,8.21,22.39,19.717818959883544,20.575888124857567,10.46127152217212,8,RG_AdaFedResidual
virtual,146,DISCLOSED_DIGITAL_TWIN,0.24,9.41,26.57,0.2393958803416369,20.125301935829867,12.41859047619048,8,RG_AdaFedResidual
austin,147,PUBLISHED_FIELD,0.53,9.33,26.51,0.544264830677376,19.26101233111608,11.634039921314749,8,RG_AdaFedResidual
tongji,147,PUBLISHED_FIELD,22.6,8.14,22.46,20.14403883117825,20.98095477565569,10.602721088435374,8,RG_AdaFedResidual
virtual,147,DISCLOSED_DIGITAL_TWIN,0.28,9.4,26.57,0.2633263794481414,20.1489461133597,12.420419047619047,8,RG_AdaFedResidual
austin,148,PUBLISHED_FIELD,0.5700000000000001,9.32,26.41,0.5470086249424972,19.239659305572225,11.599428571428572,8,RG_AdaFedResidual
tongji,148,PUBLISHED_FIELD,23.61,8.19,23.63,20.357051460011306,21.519044556464348,11.041904761904764,8,RG_AdaFedResidual
virtual,148,DISCLOSED_DIGITAL_TWIN,0.22,9.41,26.75,0.2558726623656241,20.159048567887112,12.487887512184336,8,RG_AdaFedResidual
austin,149,PUBLISHED_FIELD,0.55,9.3,26.39,0.5493507324884601,19.0985289260576,11.591428571428573,8,RG_AdaFedResidual
tongji,149,PUBLISHED_FIELD,21.89,8.03,22.23,20.309708516293146,20.19326091822826,10.495510204081636,8,RG_AdaFedResidual
virtual,149,DISCLOSED_DIGITAL_TWIN,0.21,9.45,26.57,0.2410820641075701,20.36573128098389,12.418639941978252,8,RG_AdaFedResidual
austin,150,PUBLISHED_FIELD,0.56,9.27,26.47,0.5517239980636778,18.94187950134049,11.620428571428572,8,RG_AdaFedResidual
tongji,150,PUBLISHED_FIELD,22.53,8.14,23.0,20.126308497254985,20.962334250662725,10.783537414965986,8,RG_AdaFedResidual
virtual,150,DISCLOSED_DIGITAL_TWIN,0.24,9.4,26.66,0.2385668549487357,20.06577812630606,12.452876190476193,8,RG_AdaFedResidual
austin,151,PUBLISHED_FIELD,0.53,9.3,26.44,0.5485323670450309,19.096492870588268,11.6092228157305,8,RG_AdaFedResidual
tongji,151,PUBLISHED_FIELD,15.28,8.07,22.11,20.32766966533135,19.984613632217247,10.390925292462503,8,RG_AdaFedResidual
virtual,151,DISCLOSED_DIGITAL_TWIN,0.26,9.37,26.64,0.2538779654452395,19.92956180549513,12.446171428571429,8,RG_AdaFedResidual
austin,152,PUBLISHED_FIELD,0.55,9.32,26.57,0.5496444751009586,19.21216528969396,11.655714285714284,8,RG_AdaFedResidual
tongji,152,PUBLISHED_FIELD,23.48,8.14,23.95,20.31539786813652,21.213260700312333,11.145442176870748,8,RG_AdaFedResidual
virtual,152,DISCLOSED_DIGITAL_TWIN,0.25,9.43,26.65,0.266197332422592,20.299507921917503,12.450264259005984,8,RG_AdaFedResidual
austin,153,PUBLISHED_FIELD,0.5700000000000001,9.29,26.45,0.5504340284754033,19.06920476011768,11.613714285714286,8,RG_AdaFedResidual
tongji,153,PUBLISHED_FIELD,26.39,8.13,22.83,21.130712276913112,21.905425122266823,10.88326530612245,8,RG_AdaFedResidual
virtual,153,DISCLOSED_DIGITAL_TWIN,0.24,9.42,26.6,0.2645098874261074,20.236512315857595,12.431139499615671,8,RG_AdaFedResidual
austin,154,PUBLISHED_FIELD,0.5700000000000001,9.32,26.53,0.5549317662932691,19.239659305572225,11.642285714285716,8,RG_AdaFedResidual
tongji,154,PUBLISHED_FIELD,24.21,8.15,24.66,21.543900091392807,21.45790218644165,11.416734693877553,8,RG_AdaFedResidual
virtual,154,DISCLOSED_DIGITAL_TWIN,0.28,9.37,26.54,0.2612573063625142,19.970374684788275,12.408990476190477,8,RG_AdaFedResidual
austin,155,PUBLISHED_FIELD,0.58,9.3,26.5,0.5573673135240182,19.139598656986475,11.632,8,RG_AdaFedResidual
tongji,155,PUBLISHED_FIELD,23.32,8.14,24.92,21.96788752835392,21.171264447937617,11.468843537414967,8,RG_AdaFedResidual
virtual,155,DISCLOSED_DIGITAL_TWIN,0.22,9.42,26.64,0.2534123802863638,20.213409072801703,12.445870280241664,8,RG_AdaFedResidual
austin,156,PUBLISHED_FIELD,0.52,9.32,26.42,0.5566889601655459,19.221412503982645,11.60242952686424,8,RG_AdaFedResidual
tongji,156,PUBLISHED_FIELD,25.2,8.0,24.83,21.69562290085655,20.89744129044308,11.51496598639456,8,RG_AdaFedResidual
virtual,156,DISCLOSED_DIGITAL_TWIN,0.24,9.4,26.67,0.2512805523097007,20.089867899442385,12.457201396677018,8,RG_AdaFedResidual
austin,157,PUBLISHED_FIELD,0.53,9.33,26.53,0.5488404509109936,19.26737503630425,11.641378876467613,8,RG_AdaFedResidual
tongji,157,PUBLISHED_FIELD,22.73,8.01,23.3,20.93158867655034,20.30895772004488,10.893741496598642,8,RG_AdaFedResidual
virtual,157,DISCLOSED_DIGITAL_TWIN,0.24,9.4,27.01,0.2493144510721098,20.08570735856699,12.586635327287109,8,RG_AdaFedResidual
austin,158,PUBLISHED_FIELD,0.5700000000000001,9.34,26.51,0.5482608892536478,19.35329566920859,11.63514285714286,8,RG_AdaFedResidual
tongji,158,PUBLISHED_FIELD,22.21,8.040000000000001,22.42,21.30533644648829,20.33346024940237,10.573197278911566,8,RG_AdaFedResidual
virtual,158,DISCLOSED_DIGITAL_TWIN,0.33,9.4,26.9,0.248868802559372,20.245233873443137,12.548419047619047,8,RG_AdaFedResidual
austin,159,PUBLISHED_FIELD,0.53,9.32,26.52,0.5483244155073783,19.20984053327337,11.637785332093172,8,RG_AdaFedResidual
tongji,159,PUBLISHED_FIELD,21.67,7.91,24.05,20.65147380470492,19.481794518489973,11.10557823129252,8,RG_AdaFedResidual
virtual,159,DISCLOSED_DIGITAL_TWIN,0.24,9.39,26.91,0.2504461395087275,20.028580280701867,12.5485918235204,8,RG_AdaFedResidual
austin,160,PUBLISHED_FIELD,0.53,9.34,26.46,0.5453985920346701,19.31940943791193,11.61623136823006,8,RG_AdaFedResidual
tongji,160,PUBLISHED_FIELD,20.11,8.16,24.57,20.497729115110943,20.52069557762023,11.234601188371876,8,RG_AdaFedResidual
virtual,160,DISCLOSED_DIGITAL_TWIN,0.26,9.43,27.01,0.2687235129802817,20.30468561617048,12.587522598688624,8,RG_AdaFedResidual
austin,161,PUBLISHED_FIELD,0.55,9.32,26.57,0.5445561725524604,19.21216528969396,11.655714285714284,9,RG_AdaFedResidual
tongji,161,PUBLISHED_FIELD,24.09,8.13,24.37,20.54165487067201,21.318071074639526,11.313197278911566,9,RG_AdaFedResidual
virtual,161,DISCLOSED_DIGITAL_TWIN,0.28,9.41,26.84,0.2670186898860489,20.20846992288351,12.52327619047619,9,RG_AdaFedResidual
austin,162,PUBLISHED_FIELD,0.56,9.31,26.68,0.5488728298407959,19.169152228613225,11.69542857142857,9,RG_AdaFedResidual
tongji,162,PUBLISHED_FIELD,23.14,8.1,24.11,20.66906697722537,20.90650072358188,11.185986394557824,9,RG_AdaFedResidual
virtual,162,DISCLOSED_DIGITAL_TWIN,0.27,9.4,26.77,0.2753506440197059,20.139586991877128,12.496396981821851,9,RG_AdaFedResidual
austin,163,PUBLISHED_FIELD,0.56,9.3,26.4,0.5517137654155282,19.11233404679504,11.595428571428574,9,RG_AdaFedResidual
tongji,163,PUBLISHED_FIELD,23.39,8.1,23.63,20.90813369039581,20.97225947031832,11.032925170068028,9,RG_AdaFedResidual
virtual,163,DISCLOSED_DIGITAL_TWIN,0.33,9.42,26.86,0.2778708621438018,20.36428149249076,12.533180952380954,9,RG_AdaFedResidual
austin,164,PUBLISHED_FIELD,0.55,9.35,26.54,0.5499709366902543,19.3826198351485,11.645,9,RG_AdaFedResidual
tongji,164,PUBLISHED_FIELD,18.73,8.23,23.01,22.821008267821867,21.52873609968197,10.79881666399273,9,RG_AdaFedResidual
virtual,164,DISCLOSED_DIGITAL_TWIN,0.34,9.44,26.92,0.3278915639897305,20.50172487649904,12.55649523809524,9,RG_AdaFedResidual
austin,165,PUBLISHED_FIELD,0.51,9.31,26.65,0.5493822813089642,19.15449045727392,11.684259240627528,9,RG_AdaFedResidual
tongji,165,PUBLISHED_FIELD,18.49,8.14,21.69,22.8917147495186,21.058325446000783,10.352723051000758,9,RG_AdaFedResidual
virtual,165,DISCLOSED_DIGITAL_TWIN,0.34,9.39,26.77,0.3356151186578454,20.20410582888,12.49935238095238,9,RG_AdaFedResidual
austin,166,PUBLISHED_FIELD,0.55,9.31,26.77,0.5510970893928089,19.15686742583785,11.72718987525969,9,RG_AdaFedResidual
tongji,166,PUBLISHED_FIELD,24.7,8.1,22.94,23.011367256325308,21.31271948307268,10.851700680272112,9,RG_AdaFedResidual
virtual,166,DISCLOSED_DIGITAL_TWIN,0.35,9.41,26.81,0.3328363579737946,20.34129179246931,12.51504761904762,9,RG_AdaFedResidual
austin,167,PUBLISHED_FIELD,0.52,9.3,26.63,0.5458233944031572,19.09272790821522,11.676963859760136,9,RG_AdaFedResidual
tongji,167,PUBLISHED_FIELD,18.62,8.09,21.29,23.234262693381527,20.8769777750002,10.23065017796115,9,RG_AdaFedResidual
virtual,167,DISCLOSED_DIGITAL_TWIN,0.32,9.42,26.75,0.3351490833820867,20.37378648272293,12.491511577145086,9,RG_AdaFedResidual
austin,168,PUBLISHED_FIELD,0.58,9.32,26.63,0.5492927824308471,19.25323502062284,11.678428571428569,9,RG_AdaFedResidual
tongji,168,PUBLISHED_FIELD,15.09,8.08,23.74,22.80941127572026,20.710446328746546,11.04664263710423,9,RG_AdaFedResidual
virtual,168,DISCLOSED_DIGITAL_TWIN,0.36,9.41,26.94,0.3451452433599938,20.359183673469385,12.565028571428572,9,RG_AdaFedResidual
austin,169,PUBLISHED_FIELD,0.54,9.29,26.64,0.5484740294720599,19.03959370343652,11.680648886977371,9,RG_AdaFedResidual
tongji,169,PUBLISHED_FIELD,19.9,7.98,23.67,22.0948200779534,19.976525153797382,10.993666125630751,9,RG_AdaFedResidual
virtual,169,DISCLOSED_DIGITAL_TWIN,0.37,9.48,26.97,0.3541599087154747,20.79350595856426,12.576914285714286,9,RG_AdaFedResidual
austin,170,PUBLISHED_FIELD,0.53,9.35,26.55,0.5467987475597869,19.37817539233293,11.648434232038277,9,RG_AdaFedResidual
tongji,170,PUBLISHED_FIELD,18.21,7.99,24.31,21.00798595759264,19.736794580653964,11.166992624119429,9,RG_AdaFedResidual
virtual,170,DISCLOSED_DIGITAL_TWIN,0.4,9.46,27.1,0.361621962122628,20.7260997252388,12.627809523809525,9,RG_AdaFedResidual
austin,171,PUBLISHED_FIELD,0.55,9.29,26.65,0.5484471691155335,19.04171074423942,11.684285714285714,9,RG_AdaFedResidual
tongji,171,PUBLISHED_FIELD,21.0,8.040000000000001,23.11,21.03334908534997,20.01545998581589,10.759864588517686,9,RG_AdaFedResidual
virtual,171,DISCLOSED_DIGITAL_TWIN,0.42,9.46,26.83,0.395673496712578,20.75950490443698,12.52586666666667,9,RG_AdaFedResidual
austin,172,PUBLISHED_FIELD,0.55,9.32,26.62,0.5494484781183757,19.21216528969396,11.67357142857143,9,RG_AdaFedResidual
tongji,172,PUBLISHED_FIELD,15.39,7.99,22.43,20.487069848091423,19.59384391317253,10.506274959786046,9,RG_AdaFedResidual
virtual,172,DISCLOSED_DIGITAL_TWIN,0.41,9.48,26.99,0.4035049561093842,20.861947123285614,12.586361904761906,9,RG_AdaFedResidual
austin,173,PUBLISHED_FIELD,0.59,9.32,26.63,0.5512574925715502,19.26670047036401,11.678857142857142,9,RG_AdaFedResidual
tongji,173,PUBLISHED_FIELD,16.51,8.08,22.59,19.79376043323093,19.89059118152063,10.532398385029833,9,RG_AdaFedResidual
virtual,173,DISCLOSED_DIGITAL_TWIN,0.44,9.45,26.99,0.4111097892923711,20.73263596885255,12.587733333333334,9,RG_AdaFedResidual
austin,174,PUBLISHED_FIELD,0.53,9.33,26.87,0.5508231295631815,19.27012427745292,11.762892419838424,9,RG_AdaFedResidual
tongji,174,PUBLISHED_FIELD,17.61,8.02,24.19,18.98464287789979,19.33675983721957,11.04359086576462,9,RG_AdaFedResidual
virtual,174,DISCLOSED_DIGITAL_TWIN,0.42,9.42,26.75,0.4121377076145595,20.521409666341743,12.495390476190478,9,RG_AdaFedResidual
austin,175,PUBLISHED_FIELD,0.54,9.36,26.74,0.5491867470564721,19.43831010493873,11.716393717730991,9,RG_AdaFedResidual
tongji,175,PUBLISHED_FIELD,20.09,7.94,24.12,18.471049986551943,19.21222726621676,11.064897959183677,9,RG_AdaFedResidual
virtual,175,DISCLOSED_DIGITAL_TWIN,0.44,9.4,26.79,0.4295467629576384,20.4350169212335,12.511542857142857,9,RG_AdaFedResidual
austin,176,PUBLISHED_FIELD,0.5700000000000001,9.34,26.65,0.5500947007074236,19.35329566920859,11.685142857142855,9,RG_AdaFedResidual
tongji,176,PUBLISHED_FIELD,21.21,7.9,23.56,18.65102994555853,19.30274517242444,10.920136054421768,9,RG_AdaFedResidual
virtual,176,DISCLOSED_DIGITAL_TWIN,0.4,9.43,26.71,0.4063125387013677,20.55815622497845,12.479526668435872,9,RG_AdaFedResidual
austin,177,PUBLISHED_FIELD,0.52,9.35,26.61,0.5493915938640632,19.38177610255895,11.669973925451316,9,RG_AdaFedResidual
tongji,177,PUBLISHED_FIELD,14.22,7.95,24.55,18.68130172092623,18.87000489451794,11.153658573643249,9,RG_AdaFedResidual
virtual,177,DISCLOSED_DIGITAL_TWIN,0.35,9.46,26.89,0.3943629859610031,20.716541253390268,12.54755183173917,9,RG_AdaFedResidual
austin,178,PUBLISHED_FIELD,0.5700000000000001,9.31,26.7,0.5568725677991095,19.182841123754045,11.703,9,RG_AdaFedResidual
tongji,178,PUBLISHED_FIELD,17.63,7.84,23.57,18.557358177401667,18.236756815423742,10.815266320166057,9,RG_AdaFedResidual
virtual,178,DISCLOSED_DIGITAL_TWIN,0.38,9.44,26.87,0.3737170043606116,20.572839592442644,12.539276190476192,9,RG_AdaFedResidual
austin,179,PUBLISHED_FIELD,0.5700000000000001,9.3,26.84,0.5569627676402414,19.126022941935865,11.753,9,RG_AdaFedResidual
tongji,179,PUBLISHED_FIELD,18.21,7.930000000000001,23.27,18.68541207355497,18.76248242233309,10.718452193478434,9,RG_AdaFedResidual
virtual,179,DISCLOSED_DIGITAL_TWIN,0.35,9.45,26.75,0.3512394230842158,20.58161775778848,12.492247135531471,9,RG_AdaFedResidual
austin,180,PUBLISHED_FIELD,0.55,9.32,26.98,0.5558947156697873,19.22031725677687,11.80239548781442,9,RG_AdaFedResidual
tongji,180,PUBLISHED_FIELD,17.2,7.96,26.01,18.767011884166905,18.948796054150662,11.653755587108854,9,RG_AdaFedResidual
virtual,180,DISCLOSED_DIGITAL_TWIN,0.34,9.45,26.76,0.3593692706103599,20.59615750218022,12.496428309513616,9,RG_AdaFedResidual
austin,181,PUBLISHED_FIELD,0.56,9.34,26.88,0.5538540922571261,19.339606774067768,11.766857142857145,10,RG_AdaFedResidual
tongji,181,PUBLISHED_FIELD,12.18,7.930000000000001,25.34,18.86988073480855,18.815033774463647,11.430063159243888,10,RG_AdaFedResidual
virtual,181,DISCLOSED_DIGITAL_TWIN,0.36,9.46,26.87,0.3583608007706043,20.65680272108844,12.538361904761905,10,RG_AdaFedResidual
austin,182,PUBLISHED_FIELD,0.55,9.33,26.84,0.5527027291064617,19.272726261469938,11.752258688390276,10,RG_AdaFedResidual
tongji,182,PUBLISHED_FIELD,12.09,7.86,26.24,17.583811829994843,18.06403454778437,11.683692999863736,10,RG_AdaFedResidual
virtual,182,DISCLOSED_DIGITAL_TWIN,0.35,9.47,26.85,0.3605950488765801,20.717383640115564,12.530770059377216,10,RG_AdaFedResidual
austin,183,PUBLISHED_FIELD,0.5700000000000001,9.32,26.81,0.5556974872797611,19.239659305572225,11.742285714285716,10,RG_AdaFedResidual
tongji,183,PUBLISHED_FIELD,16.03,7.930000000000001,25.93,16.344702309688575,18.07754879934323,11.52767492420498,10,RG_AdaFedResidual
virtual,183,DISCLOSED_DIGITAL_TWIN,0.35,9.49,26.69,0.3588241639788117,20.833282805534807,12.469736723686651,10,RG_AdaFedResidual
austin,184,PUBLISHED_FIELD,0.52,9.33,26.84,0.5538700005879278,19.274340040129346,11.752308714310912,10,RG_AdaFedResidual
tongji,184,PUBLISHED_FIELD,15.0,7.96,26.26,16.355374966447773,18.243797151086373,11.640355440807394,10,RG_AdaFedResidual
virtual,184,DISCLOSED_DIGITAL_TWIN,0.36,9.47,26.81,0.3565615814903666,20.71632653061225,12.515504761904763,10,RG_AdaFedResidual
austin,185,PUBLISHED_FIELD,0.56,9.31,26.72,0.5559089450617438,19.169152228613225,11.709714285714286,10,RG_AdaFedResidual
tongji,185,PUBLISHED_FIELD,15.1,8.02,24.01,16.57970397221108,18.637063035919343,10.884205604307937,10,RG_AdaFedResidual
virtual,185,DISCLOSED_DIGITAL_TWIN,0.33,9.43,26.79,0.355514239551746,20.47023523630116,12.50768065095094,10,RG_AdaFedResidual
austin,186,PUBLISHED_FIELD,0.54,9.34,26.84,0.5513814813995389,19.327715840323528,11.752202063488552,10,RG_AdaFedResidual
tongji,186,PUBLISHED_FIELD,15.53,7.94,24.13,17.01330936766023,18.33115231496148,10.942720110244634,10,RG_AdaFedResidual
virtual,186,DISCLOSED_DIGITAL_TWIN,0.31,9.43,26.86,0.3335023025042311,20.43027806514668,12.533341057638289,10,RG_AdaFedResidual
austin,187,PUBLISHED_FIELD,0.5700000000000001,9.29,26.82,0.5566365930442597,19.06920476011768,11.745857142857144,10,RG_AdaFedResidual
tongji,187,PUBLISHED_FIELD,18.22,7.97,25.28,17.167160413870775,18.84640843617877,11.383129251700682,10,RG_AdaFedResidual
virtual,187,DISCLOSED_DIGITAL_TWIN,0.27,9.44,26.69,0.3164064169467023,20.45788854904601,12.467797626679468,10,RG_AdaFedResidual
austin,188,PUBLISHED_FIELD,0.55,9.3,26.84,0.5535987696305433,19.10351065563017,11.752297090127025,10,RG_AdaFedResidual
tongji,188,PUBLISHED_FIELD,18.72,7.95,25.55,17.50852399852346,18.881046330230035,11.495374149659863,10,RG_AdaFedResidual
virtual,188,DISCLOSED_DIGITAL_TWIN,0.3,9.41,26.8,0.307652801555123,20.26265625467265,12.509302223309188,10,RG_AdaFedResidual
austin,189,PUBLISHED_FIELD,0.55,9.31,26.92,0.554999677105386,19.16226394636295,11.780928557590231,10,RG_AdaFedResidual
tongji,189,PUBLISHED_FIELD,23.2,7.86,25.76,17.712324606261838,19.61795869226755,11.74965986394558,10,RG_AdaFedResidual
virtual,189,DISCLOSED_DIGITAL_TWIN,0.28,9.43,26.74,0.2932592367885017,20.35380552203116,12.485787088919857,10,RG_AdaFedResidual
austin,190,PUBLISHED_FIELD,0.55,9.33,26.98,0.554746903342255,19.275551318385585,11.802346295857523,10,RG_AdaFedResidual
tongji,190,PUBLISHED_FIELD,19.7,7.81,25.29,17.996779833531313,18.39699044267285,11.446938775510205,10,RG_AdaFedResidual
virtual,190,DISCLOSED_DIGITAL_TWIN,0.27,9.4,26.8,0.2921436064375933,20.173044537762188,12.508593231532386,10,RG_AdaFedResidual
austin,191,PUBLISHED_FIELD,0.53,9.32,26.79,0.5557039980889922,19.22005415075857,11.734530171346671,10,RG_AdaFedResidual
tongji,191,PUBLISHED_FIELD,19.99,7.88,26.39,18.03094480616903,18.85834058612726,11.832925170068028,10,RG_AdaFedResidual
virtual,191,DISCLOSED_DIGITAL_TWIN,0.25,9.47,26.62,0.2836493416430311,20.57290663904503,12.439633493713208,10,RG_AdaFedResidual
austin,192,PUBLISHED_FIELD,0.5700000000000001,9.31,26.72,0.5552549997755666,19.182841123754045,11.710142857142856,10,RG_AdaFedResidual
tongji,192,PUBLISHED_FIELD,23.68,7.86,24.85,18.41756874374841,19.74386961038244,11.459727891156463,10,RG_AdaFedResidual
virtual,192,DISCLOSED_DIGITAL_TWIN,0.29,9.41,26.7,0.2831497047876747,20.228349960639694,12.4704,10,RG_AdaFedResidual
austin,193,PUBLISHED_FIELD,0.5,9.35,26.84,0.5494807095728264,19.38189971514085,11.752120601838834,10,RG_AdaFedResidual
tongji,193,PUBLISHED_FIELD,19.57,7.87,25.65,18.518649882286013,18.6866601343831,11.564081632653064,10,RG_AdaFedResidual
virtual,193,DISCLOSED_DIGITAL_TWIN,0.33,9.4,26.79,0.3011927061372074,20.245233873443137,12.506514285714289,10,RG_AdaFedResidual
austin,194,PUBLISHED_FIELD,0.56,9.35,26.85,0.5560789743475782,19.396424955885948,11.75614285714286,10,RG_AdaFedResidual
tongji,194,PUBLISHED_FIELD,18.84,7.86,26.97,18.505616118206422,18.426099781693427,11.98326530612245,10,RG_AdaFedResidual
virtual,194,DISCLOSED_DIGITAL_TWIN,0.38,9.37,27.03,0.3334162745052129,20.156172925775984,12.600228571428572,10,RG_AdaFedResidual
austin,195,PUBLISHED_FIELD,0.55,9.33,26.98,0.5553507855577697,19.27638494235319,11.802372176523903,10,RG_AdaFedResidual
tongji,195,PUBLISHED_FIELD,16.23,7.99,27.62,18.570156601359844,19.055636014889043,12.193339725225574,10,RG_AdaFedResidual
virtual,195,DISCLOSED_DIGITAL_TWIN,0.35,9.46,26.91,0.3500852961379644,20.639064478063005,12.55314675639488,10,RG_AdaFedResidual
austin,196,PUBLISHED_FIELD,0.52,9.31,27.01,0.5550492654176165,19.16233240153964,11.81307353994647,10,RG_AdaFedResidual
tongji,196,PUBLISHED_FIELD,19.11,8.040000000000001,29.03,18.6147902936219,19.48097565008487,12.69496598639456,10,RG_AdaFedResidual
virtual,196,DISCLOSED_DIGITAL_TWIN,0.28,9.44,26.79,0.3497504979306697,20.519413707456216,12.507417165619689,10,RG_AdaFedResidual
austin,197,PUBLISHED_FIELD,0.53,9.31,26.75,0.5505502080165255,19.15610975120717,11.720023580343565,10,RG_AdaFedResidual
tongji,197,PUBLISHED_FIELD,22.7,7.94,28.62,18.369477932216256,19.920562173593737,12.702040816326528,10,RG_AdaFedResidual
virtual,197,DISCLOSED_DIGITAL_TWIN,0.29,9.44,26.89,0.2947704209635952,20.4162888358725,12.54299902876786,10,RG_AdaFedResidual
austin,198,PUBLISHED_FIELD,0.53,9.31,26.88,0.549053563268936,19.154034405995134,11.76638800985438,10,RG_AdaFedResidual
tongji,198,PUBLISHED_FIELD,26.5,7.94,28.82,19.22134860590913,20.90043180837298,12.925170068027212,10,RG_AdaFedResidual
virtual,198,DISCLOSED_DIGITAL_TWIN,0.36,9.43,26.87,0.2932020000177525,20.478231292517005,12.538361904761905,10,RG_AdaFedResidual
austin,199,PUBLISHED_FIELD,0.53,9.32,26.69,0.54664432340278,19.207506141659547,11.69842761386012,10,RG_AdaFedResidual
tongji,199,PUBLISHED_FIELD,20.33,8.05,26.46,20.823326987180188,20.012359880638115,11.89074804029307,10,RG_AdaFedResidual
virtual,199,DISCLOSED_DIGITAL_TWIN,0.33,9.47,26.97,0.328125486622374,20.661900540109805,12.575085714285713,10,RG_AdaFedResidual
austin,200,PUBLISHED_FIELD,0.55,9.31,26.61,0.5456802992141756,19.15534710787578,11.67,10,RG_AdaFedResidual
tongji,200,PUBLISHED_FIELD,22.21,8.06,28.3,21.63495206649529,20.44215590157628,12.573197278911566,10,RG_AdaFedResidual
virtual,200,DISCLOSED_DIGITAL_TWIN,0.37,9.41,26.86,0.3496579447202357,20.3768392918976,12.535009523809522,10,RG_AdaFedResidual
austin,201,PUBLISHED_FIELD,0.55,9.33,26.7,0.5487061629757002,19.268983471512144,11.702142857142857,11,RG_AdaFedResidual
tongji,201,PUBLISHED_FIELD,16.96,7.95,29.8,20.769981441211183,19.45425555399367,13.024625092838551,11,RG_AdaFedResidual
virtual,201,DISCLOSED_DIGITAL_TWIN,0.4,9.42,26.63,0.3654486459225725,20.48800448714356,12.448761904761904,11,RG_AdaFedResidual
austin,202,PUBLISHED_FIELD,0.54,9.33,26.83,0.55014573796566,19.26918551407452,11.748577674484244,11,RG_AdaFedResidual
tongji,202,PUBLISHED_FIELD,15.1,7.97,27.74,20.195616521402226,19.4045756801538,12.300501354615056,11,RG_AdaFedResidual
virtual,202,DISCLOSED_DIGITAL_TWIN,0.35,9.4,26.93,0.3638923992829596,20.306559680917218,12.561396985871983,11,RG_AdaFedResidual
austin,203,PUBLISHED_FIELD,0.53,9.34,26.82,0.5484409000279896,19.323638619783537,11.744933181429772,11,RG_AdaFedResidual
tongji,203,PUBLISHED_FIELD,19.11,7.97,29.24,19.65043741172996,19.252682221591808,12.78845322768966,11,RG_AdaFedResidual
virtual,203,DISCLOSED_DIGITAL_TWIN,0.38,9.41,26.61,0.3742809415755254,20.394268163871217,12.440228571428571,11,RG_AdaFedResidual
austin,204,PUBLISHED_FIELD,0.52,9.35,26.61,0.5461324585066464,19.37724880493024,11.669834248221711,11,RG_AdaFedResidual
tongji,204,PUBLISHED_FIELD,18.32,7.91,29.22,19.349068839680577,18.841952289667187,12.769349748558392,11,RG_AdaFedResidual
virtual,204,DISCLOSED_DIGITAL_TWIN,0.34,9.43,26.92,0.3439845122625643,20.44945853296448,12.55667738722724,11,RG_AdaFedResidual
austin,205,PUBLISHED_FIELD,0.56,9.33,26.67,0.5453381644646158,19.282788592249588,11.691857142857144,11,RG_AdaFedResidual
tongji,205,PUBLISHED_FIELD,21.2,8.0,29.04,19.40361703284906,19.84350144091031,12.783673469387754,11,RG_AdaFedResidual
virtual,205,DISCLOSED_DIGITAL_TWIN,0.34,9.43,26.8,0.3320666978097255,20.44220106697523,12.510780952380951,11,RG_AdaFedResidual
austin,206,PUBLISHED_FIELD,0.55,9.32,26.59,0.549900555172712,19.21216528969396,11.662857142857144,11,RG_AdaFedResidual
tongji,206,PUBLISHED_FIELD,22.21,7.91,28.54,20.47098829578796,19.62693851027193,12.654829931972788,11,RG_AdaFedResidual
virtual,206,DISCLOSED_DIGITAL_TWIN,0.38,9.38,26.79,0.3384547931814484,20.2156967352998,12.5088,11,RG_AdaFedResidual
austin,207,PUBLISHED_FIELD,0.53,9.31,26.77,0.5501992896359413,19.155623384961697,11.727151398127257,11,RG_AdaFedResidual
tongji,207,PUBLISHED_FIELD,21.61,7.91,26.66,21.3495241627278,19.46558519192755,11.990884353741498,11,RG_AdaFedResidual
virtual,207,DISCLOSED_DIGITAL_TWIN,0.36,9.43,26.79,0.358892265300055,20.478231292517005,12.507885714285711,11,RG_AdaFedResidual
austin,208,PUBLISHED_FIELD,0.56,9.34,26.78,0.5492707825369568,19.339606774067768,11.731142857142858,11,RG_AdaFedResidual
tongji,208,PUBLISHED_FIELD,22.41,7.890000000000001,28.18,21.81474504084108,19.57166798400841,12.540544217687074,11,RG_AdaFedResidual
virtual,208,DISCLOSED_DIGITAL_TWIN,0.39,9.4,26.84,0.3716251223849013,20.351955373822804,12.528304761904764,11,RG_AdaFedResidual
austin,209,PUBLISHED_FIELD,0.51,9.35,26.76,0.5456893312216077,19.376632265087306,11.723386685623783,11,RG_AdaFedResidual
tongji,209,PUBLISHED_FIELD,18.01,7.9,27.97,22.180552054020687,19.56470940484129,12.459750423973636,11,RG_AdaFedResidual
virtual,209,DISCLOSED_DIGITAL_TWIN,0.41,9.43,26.62,0.3884316578001974,20.56432807566657,12.445409523809523,11,RG_AdaFedResidual
austin,210,PUBLISHED_FIELD,0.55,9.33,26.78,0.5501395337846274,19.26917691347873,11.730720265733629,11,RG_AdaFedResidual
tongji,210,PUBLISHED_FIELD,21.92,7.91,28.75,22.109391694619763,19.599996302317887,12.722152041957273,11,RG_AdaFedResidual
virtual,210,DISCLOSED_DIGITAL_TWIN,0.41,9.48,26.44,0.4081558158184888,20.861947123285614,12.376838095238096,11,RG_AdaFedResidual
austin,211,PUBLISHED_FIELD,0.51,9.33,26.79,0.5417926990655468,19.257564121266505,11.733933972817097,11,RG_AdaFedResidual
tongji,211,PUBLISHED_FIELD,16.34,7.92,28.6,20.915985877714483,19.33120985060924,12.622421192287666,11,RG_AdaFedResidual
virtual,211,DISCLOSED_DIGITAL_TWIN,0.39,9.45,26.57,0.4098325862521512,20.68309606300568,12.426354251562003,11,RG_AdaFedResidual
austin,212,PUBLISHED_FIELD,0.56,9.35,26.87,0.5488119701633591,19.396424955885948,11.763285714285711,11,RG_AdaFedResidual
tongji,212,PUBLISHED_FIELD,18.2,7.82,29.08,20.27002393902505,18.60996937283468,12.75932070499422,11,RG_AdaFedResidual
virtual,212,DISCLOSED_DIGITAL_TWIN,0.36,9.45,26.79,0.3856227046770112,20.642066913027627,12.509057037928091,11,RG_AdaFedResidual
austin,213,PUBLISHED_FIELD,0.56,9.35,26.87,0.5515628493334214,19.396424955885948,11.763285714285711,11,RG_AdaFedResidual
tongji,213,PUBLISHED_FIELD,18.4,7.95,28.06,20.46161664745964,19.36943318357482,12.420202040032366,11,RG_AdaFedResidual
virtual,213,DISCLOSED_DIGITAL_TWIN,0.37,9.39,26.66,0.3662959442866752,20.25779167284998,12.458819047619048,11,RG_AdaFedResidual
austin,214,PUBLISHED_FIELD,0.56,9.35,26.87,0.5510640687975032,19.396424955885948,11.763285714285711,11,RG_AdaFedResidual
tongji,214,PUBLISHED_FIELD,16.6,7.88,27.87,20.686444866404926,19.050888894226087,12.364752851689998,11,RG_AdaFedResidual
virtual,214,DISCLOSED_DIGITAL_TWIN,0.36,9.42,26.61,0.3602081483018373,20.419077355266687,12.439323801065228,11,RG_AdaFedResidual
austin,215,PUBLISHED_FIELD,0.56,9.35,26.87,0.5519832981928814,19.396424955885948,11.763285714285711,11,RG_AdaFedResidual
tongji,215,PUBLISHED_FIELD,17.27,7.9,27.84,20.52499590144869,19.11516660248536,12.34795901638566,11,RG_AdaFedResidual
virtual,215,DISCLOSED_DIGITAL_TWIN,0.3,9.45,26.79,0.3616943687451585,20.60028677950029,12.507963171142636,11,RG_AdaFedResidual
austin,216,PUBLISHED_FIELD,0.54,9.34,26.62,0.5527848506637967,19.32965803090967,11.673690779314162,11,RG_AdaFedResidual
tongji,216,PUBLISHED_FIELD,23.9,7.95,27.75,20.774030685516067,20.290396194966696,12.455102040816326,11,RG_AdaFedResidual
virtual,216,DISCLOSED_DIGITAL_TWIN,0.27,9.41,26.8,0.3134718831497208,20.27375672221985,12.509568238467796,11,RG_AdaFedResidual
austin,217,PUBLISHED_FIELD,0.54,9.34,26.75,0.548390204450021,19.32356823788593,11.719931008762144,11,RG_AdaFedResidual
tongji,217,PUBLISHED_FIELD,17.97,7.91,27.79,20.734705587342585,19.227184769715457,12.339511792680648,11,RG_AdaFedResidual
virtual,217,DISCLOSED_DIGITAL_TWIN,0.29,9.44,26.63,0.3066104926642101,20.43922876771948,12.44449267014084,11,RG_AdaFedResidual
austin,218,PUBLISHED_FIELD,0.55,9.3,26.79,0.5492036039639476,19.0985289260576,11.734285714285711,11,RG_AdaFedResidual
tongji,218,PUBLISHED_FIELD,19.73,7.92,27.13,21.069379406522923,19.373120051921266,12.128682152647194,11,RG_AdaFedResidual
virtual,218,DISCLOSED_DIGITAL_TWIN,0.33,9.46,26.7,0.3069048275118263,20.602376730585995,12.472228571428571,11,RG_AdaFedResidual
austin,219,PUBLISHED_FIELD,0.55,9.36,26.69,0.5508436661796587,19.44060727504185,11.698607585693413,11,RG_AdaFedResidual
tongji,219,PUBLISHED_FIELD,19.23,7.91,27.14,20.525291303734512,19.169595818616617,12.10987583552658,11,RG_AdaFedResidual
virtual,219,DISCLOSED_DIGITAL_TWIN,0.33,9.47,26.62,0.3448070238748039,20.68904688664104,12.44242927347237,11,RG_AdaFedResidual
austin,220,PUBLISHED_FIELD,0.55,9.31,26.71,0.5518863411930701,19.157960264074152,11.705795128908273,11,RG_AdaFedResidual
tongji,220,PUBLISHED_FIELD,20.9,7.96,25.77,20.658122540129817,19.54422691974841,11.659183673469386,11,RG_AdaFedResidual
virtual,220,DISCLOSED_DIGITAL_TWIN,0.29,9.41,26.59,0.3421498024340961,20.327074168645773,12.430879229063654,11,RG_AdaFedResidual
austin,221,PUBLISHED_FIELD,0.54,9.31,26.86,0.5504822484099638,19.156015571943577,11.75930638207471,12,RG_AdaFedResidual
tongji,221,PUBLISHED_FIELD,20.91,8.01,27.75,20.690377206358846,19.818702508203984,12.333061224489796,12,RG_AdaFedResidual
virtual,221,DISCLOSED_DIGITAL_TWIN,0.31,9.47,26.58,0.3182116765695677,20.639868323877984,12.425975390928896,12,RG_AdaFedResidual
austin,222,PUBLISHED_FIELD,0.53,9.33,26.85,0.5501605599804803,19.26920606102565,11.755721166856306,12,RG_AdaFedResidual
tongji,222,PUBLISHED_FIELD,21.4,8.0,25.46,21.168142262736765,19.89785106053693,11.574149659863943,12,RG_AdaFedResidual
virtual,222,DISCLOSED_DIGITAL_TWIN,0.26,9.4,26.51,0.2982751041281673,20.18502924500909,12.39839733809348,12,RG_AdaFedResidual
austin,223,PUBLISHED_FIELD,0.54,9.31,27.07,0.5506638472468336,19.15626722155756,11.834314164882006,12,RG_AdaFedResidual
tongji,223,PUBLISHED_FIELD,20.16,7.95,27.0,21.085773797737776,19.540636082201555,12.08513362439746,12,RG_AdaFedResidual
virtual,223,DISCLOSED_DIGITAL_TWIN,0.27,9.44,26.48,0.2868583222015535,20.40071173456662,12.386446856633976,12,RG_AdaFedResidual
austin,224,PUBLISHED_FIELD,0.53,9.29,26.77,0.5481913614252816,19.03920124045568,11.727065344061083,12,RG_AdaFedResidual
tongji,224,PUBLISHED_FIELD,21.78,7.91,26.75,21.13855086691484,19.51146848912649,12.02843537414966,12,RG_AdaFedResidual
virtual,224,DISCLOSED_DIGITAL_TWIN,0.33,9.39,26.84,0.2860568288364101,20.185710063919327,12.525561904761906,12,RG_AdaFedResidual
austin,225,PUBLISHED_FIELD,0.52,9.34,26.6,0.5460697237654981,19.32034335228574,11.666260131018522,12,RG_AdaFedResidual
tongji,225,PUBLISHED_FIELD,26.1,7.9,26.47,21.05364877876587,20.582420949896747,12.109523809523813,12,RG_AdaFedResidual
virtual,225,DISCLOSED_DIGITAL_TWIN,0.28,9.41,26.66,0.2972322620613349,20.24252311295484,12.455492522456137,12,RG_AdaFedResidual
austin,226,PUBLISHED_FIELD,0.56,9.33,26.8,0.5449973110802953,19.282788592249588,11.738285714285714,12,RG_AdaFedResidual
tongji,226,PUBLISHED_FIELD,23.71,7.97,26.89,21.73468372249272,20.34953390604213,12.15482993197279,12,RG_AdaFedResidual
virtual,226,DISCLOSED_DIGITAL_TWIN,0.29,9.41,26.72,0.3060150447053876,20.259513938793194,12.478751163948436,12,RG_AdaFedResidual
austin,227,PUBLISHED_FIELD,0.52,9.31,26.61,0.5418147713876085,19.143958577770125,11.66964920448804,12,RG_AdaFedResidual
tongji,227,PUBLISHED_FIELD,22.11,7.92,26.58,22.25115610689468,19.692294656268487,11.989843106403866,12,RG_AdaFedResidual
virtual,227,DISCLOSED_DIGITAL_TWIN,0.27,9.43,26.95,0.2917623662828986,20.350866816934587,12.565718660553888,12,RG_AdaFedResidual
austin,228,PUBLISHED_FIELD,0.56,9.34,26.47,0.549044000388871,19.339606774067768,11.620428571428572,12,RG_AdaFedResidual
tongji,228,PUBLISHED_FIELD,17.11,7.92,26.71,22.112073407285187,19.655062859501736,12.028383948596677,12,RG_AdaFedResidual
virtual,228,DISCLOSED_DIGITAL_TWIN,0.23,9.43,26.79,0.2843940238769002,20.336294226908272,12.504429441091514,12,RG_AdaFedResidual
austin,229,PUBLISHED_FIELD,0.58,9.36,26.91,0.5488126198096956,19.48050774789556,11.77842857142857,12,RG_AdaFedResidual
tongji,229,PUBLISHED_FIELD,17.11,7.92,26.71,20.84647095052048,19.31217931720156,11.976726705463422,12,RG_AdaFedResidual
virtual,229,DISCLOSED_DIGITAL_TWIN,0.24,9.43,26.84,0.2572644864401242,20.28100656803704,12.522236852713457,12,RG_AdaFedResidual
austin,230,PUBLISHED_FIELD,0.56,9.35,26.69,0.5497748255231624,19.396424955885948,11.699000000000002,12,RG_AdaFedResidual
tongji,230,PUBLISHED_FIELD,23.33,7.890000000000001,26.53,20.136309425961866,19.815196652720488,12.016870748299322,12,RG_AdaFedResidual
virtual,230,DISCLOSED_DIGITAL_TWIN,0.27,9.43,26.97,0.2529322265090731,20.307293011436727,12.572342857142855,12,RG_AdaFedResidual
austin,231,PUBLISHED_FIELD,0.52,9.31,26.81,0.5520865988331981,19.15823743324668,11.741517997092853,12,RG_AdaFedResidual
tongji,231,PUBLISHED_FIELD,25.51,7.78,28.87,20.985340210897284,19.780809042862906,12.901768707482994,12,RG_AdaFedResidual
virtual,231,DISCLOSED_DIGITAL_TWIN,0.22,9.45,26.74,0.2584729163200287,20.40257493553327,12.48419685712701,12,RG_AdaFedResidual
austin,232,PUBLISHED_FIELD,0.55,9.33,26.77,0.5490604689345046,19.268983471512144,11.727142857142857,12,RG_AdaFedResidual
tongji,232,PUBLISHED_FIELD,14.09,7.94,28.91,21.40789507518678,19.57390569648717,12.747941295585855,12,RG_AdaFedResidual
virtual,232,DISCLOSED_DIGITAL_TWIN,0.24,9.42,26.79,0.2569970143307364,20.220924049374062,12.503177006369407,12,RG_AdaFedResidual
austin,233,PUBLISHED_FIELD,0.52,9.36,26.81,0.5433115608017965,19.43013810548049,11.741141924034364,12,RG_AdaFedResidual
tongji,233,PUBLISHED_FIELD,20.09,7.94,29.66,20.97613379738041,19.456352712835177,12.985420427103964,12,RG_AdaFedResidual
virtual,233,DISCLOSED_DIGITAL_TWIN,0.21,9.44,26.77,0.2330588626684983,20.28877839012885,12.494463643245798,12,RG_AdaFedResidual
austin,234,PUBLISHED_FIELD,0.58,9.35,26.62,0.5502781753937886,19.423689566077385,11.67485714285714,12,RG_AdaFedResidual
tongji,234,PUBLISHED_FIELD,18.31,7.98,26.83,20.441872152740284,19.527029324980752,12.001028795349946,12,RG_AdaFedResidual
virtual,234,DISCLOSED_DIGITAL_TWIN,0.24,9.43,26.93,0.2515362807761406,20.26897933000807,12.556260706168812,12,RG_AdaFedResidual
austin,235,PUBLISHED_FIELD,0.53,9.38,26.72,0.5446730844094382,19.54567197133781,11.70905741790326,12,RG_AdaFedResidual
tongji,235,PUBLISHED_FIELD,20.19,7.78,29.65,20.497398078133592,18.45538693231996,12.9624788331211,12,RG_AdaFedResidual
virtual,235,DISCLOSED_DIGITAL_TWIN,0.21,9.43,26.78,0.2215964654592015,20.203843955927454,12.497749171754329,12,RG_AdaFedResidual
austin,236,PUBLISHED_FIELD,0.56,9.38,26.96,0.551351545247871,19.56687950134049,11.795428571428571,12,RG_AdaFedResidual
tongji,236,PUBLISHED_FIELD,20.8,7.890000000000001,28.62,21.14253932819206,19.2300253428795,12.638470992987433,12,RG_AdaFedResidual
virtual,236,DISCLOSED_DIGITAL_TWIN,0.22,9.42,26.92,0.2324490222812561,20.168394242290024,12.551578621970954,12,RG_AdaFedResidual
austin,237,PUBLISHED_FIELD,0.52,9.33,26.82,0.5464476854243242,19.26405088424388,11.744847757946756,12,RG_AdaFedResidual
tongji,237,PUBLISHED_FIELD,18.5,8.040000000000001,29.49,21.49843585065953,20.1419228369914,12.948915749006511,12,RG_AdaFedResidual
virtual,237,DISCLOSED_DIGITAL_TWIN,0.28,9.44,26.89,0.2334932469374206,20.387041351454933,12.542323809523811,12,RG_AdaFedResidual
austin,238,PUBLISHED_FIELD,0.56,9.35,26.79,0.5514867746418701,19.396424955885948,11.734714285714285,12,RG_AdaFedResidual
tongji,238,PUBLISHED_FIELD,20.98,7.94,29.45,22.053309826594816,19.74800177601882,12.957958224214757,12,RG_AdaFedResidual
virtual,238,DISCLOSED_DIGITAL_TWIN,0.31,9.46,26.87,0.2899977375023121,20.564764835951703,12.536076190476193,12,RG_AdaFedResidual
austin,239,PUBLISHED_FIELD,0.52,9.34,26.64,0.5446468280037479,19.31836267280393,11.680484864057304,12,RG_AdaFedResidual
tongji,239,PUBLISHED_FIELD,17.39,7.930000000000001,29.47,21.560014103108884,19.56076413793227,12.944626425977232,12,RG_AdaFedResidual
virtual,239,DISCLOSED_DIGITAL_TWIN,0.25,9.44,26.77,0.2903389713301795,20.407589443270453,12.497082162498904,12,RG_AdaFedResidual
austin,240,PUBLISHED_FIELD,0.55,9.35,26.79,0.5492305171307367,19.3826198351485,11.734285714285711,12,RG_AdaFedResidual
tongji,240,PUBLISHED_FIELD,20.24,7.9,28.91,21.84205071698512,19.47383518276771,12.765661934026603,12,RG_AdaFedResidual
virtual,240,DISCLOSED_DIGITAL_TWIN,0.2,9.46,26.94,0.2570663204026908,20.45916408433813,12.56032303178984,12,RG_AdaFedResidual
austin,241,PUBLISHED_FIELD,0.55,9.35,26.86,0.5506408877723967,19.383508135032624,11.759313180904533,13,RG_AdaFedResidual
tongji,241,PUBLISHED_FIELD,16.990000000000002,7.95,29.5,21.53139036453277,19.66171440100345,12.95366219174964,13,RG_AdaFedResidual
virtual,241,DISCLOSED_DIGITAL_TWIN,0.26,9.46,26.56,0.2607669039044868,20.466868369419355,12.415730296559444,13,RG_AdaFedResidual
austin,242,PUBLISHED_FIELD,0.54,9.36,26.89,0.5504065160173199,19.440001523659745,11.770017422115028,13,RG_AdaFedResidual
tongji,242,PUBLISHED_FIELD,18.82,7.96,29.04,21.93453180034325,19.82480106032073,12.813654359197685,13,RG_AdaFedResidual
virtual,242,DISCLOSED_DIGITAL_TWIN,0.24,9.45,26.76,0.250214424020617,20.385232827816544,12.491438373669515,13,RG_AdaFedResidual
austin,243,PUBLISHED_FIELD,0.5700000000000001,9.34,27.02,0.5503531626792679,19.35329566920859,11.817285714285717,13,RG_AdaFedResidual
tongji,243,PUBLISHED_FIELD,15.88,7.9,28.93,21.854580478543497,19.47720817345188,12.77297607395416,13,RG_AdaFedResidual
virtual,243,DISCLOSED_DIGITAL_TWIN,0.22,9.47,26.79,0.2462120577285765,20.495776636007506,12.502683979781878,13,RG_AdaFedResidual
austin,244,PUBLISHED_FIELD,0.56,9.36,27.08,0.5530700037875343,19.453243137704128,11.838285714285716,13,RG_AdaFedResidual
tongji,244,PUBLISHED_FIELD,16.11,7.98,29.32,21.691942011739123,19.868152899888123,12.898990830411122,13,RG_AdaFedResidual
virtual,244,DISCLOSED_DIGITAL_TWIN,0.25,9.45,26.98,0.2477036248282496,20.384778911564634,12.575238095238095,13,RG_AdaFedResidual
